# ************************************************************
# Sequel Pro SQL dump
# Version 4541
#
# http://www.sequelpro.com/
# https://github.com/sequelpro/sequelpro
#
# Host: 127.0.0.1 (MySQL 5.6.49)
# Database: db
# Generation Time: 2020-09-20 12:12:41 +0000
# ************************************************************


/*!40101 SET @OLD_CHARACTER_SET_CLIENT=@@CHARACTER_SET_CLIENT */;
/*!40101 SET @OLD_CHARACTER_SET_RESULTS=@@CHARACTER_SET_RESULTS */;
/*!40101 SET @OLD_COLLATION_CONNECTION=@@COLLATION_CONNECTION */;
/*!40101 SET NAMES utf8 */;
/*!40014 SET @OLD_FOREIGN_KEY_CHECKS=@@FOREIGN_KEY_CHECKS, FOREIGN_KEY_CHECKS=0 */;
/*!40101 SET @OLD_SQL_MODE=@@SQL_MODE, SQL_MODE='NO_AUTO_VALUE_ON_ZERO' */;
/*!40111 SET @OLD_SQL_NOTES=@@SQL_NOTES, SQL_NOTES=0 */;


# Dump of table auth_group
# ------------------------------------------------------------

DROP TABLE IF EXISTS `auth_group`;

CREATE TABLE `auth_group` (
  `id` int(11) NOT NULL AUTO_INCREMENT,
  `name` varchar(150) NOT NULL,
  PRIMARY KEY (`id`),
  UNIQUE KEY `name` (`name`)
) ENGINE=InnoDB DEFAULT CHARSET=utf8;



# Dump of table auth_group_permissions
# ------------------------------------------------------------

DROP TABLE IF EXISTS `auth_group_permissions`;

CREATE TABLE `auth_group_permissions` (
  `id` int(11) NOT NULL AUTO_INCREMENT,
  `group_id` int(11) NOT NULL,
  `permission_id` int(11) NOT NULL,
  PRIMARY KEY (`id`),
  UNIQUE KEY `auth_group_permissions_group_id_permission_id_0cd325b0_uniq` (`group_id`,`permission_id`),
  KEY `auth_group_permissio_permission_id_84c5c92e_fk_auth_perm` (`permission_id`),
  CONSTRAINT `auth_group_permissio_permission_id_84c5c92e_fk_auth_perm` FOREIGN KEY (`permission_id`) REFERENCES `auth_permission` (`id`),
  CONSTRAINT `auth_group_permissions_group_id_b120cbf9_fk_auth_group_id` FOREIGN KEY (`group_id`) REFERENCES `auth_group` (`id`)
) ENGINE=InnoDB DEFAULT CHARSET=utf8;



# Dump of table auth_permission
# ------------------------------------------------------------

DROP TABLE IF EXISTS `auth_permission`;

CREATE TABLE `auth_permission` (
  `id` int(11) NOT NULL AUTO_INCREMENT,
  `name` varchar(255) NOT NULL,
  `content_type_id` int(11) NOT NULL,
  `codename` varchar(100) NOT NULL,
  PRIMARY KEY (`id`),
  UNIQUE KEY `auth_permission_content_type_id_codename_01ab375a_uniq` (`content_type_id`,`codename`),
  CONSTRAINT `auth_permission_content_type_id_2f476e4b_fk_django_co` FOREIGN KEY (`content_type_id`) REFERENCES `django_content_type` (`id`)
) ENGINE=InnoDB DEFAULT CHARSET=utf8;

LOCK TABLES `auth_permission` WRITE;
/*!40000 ALTER TABLE `auth_permission` DISABLE KEYS */;

INSERT INTO `auth_permission` (`id`, `name`, `content_type_id`, `codename`)
VALUES
	(1,'Can add log entry',1,'add_logentry'),
	(2,'Can change log entry',1,'change_logentry'),
	(3,'Can delete log entry',1,'delete_logentry'),
	(4,'Can view log entry',1,'view_logentry'),
	(5,'Can add permission',2,'add_permission'),
	(6,'Can change permission',2,'change_permission'),
	(7,'Can delete permission',2,'delete_permission'),
	(8,'Can view permission',2,'view_permission'),
	(9,'Can add group',3,'add_group'),
	(10,'Can change group',3,'change_group'),
	(11,'Can delete group',3,'delete_group'),
	(12,'Can view group',3,'view_group'),
	(13,'Can add user',4,'add_user'),
	(14,'Can change user',4,'change_user'),
	(15,'Can delete user',4,'delete_user'),
	(16,'Can view user',4,'view_user'),
	(17,'Can add content type',5,'add_contenttype'),
	(18,'Can change content type',5,'change_contenttype'),
	(19,'Can delete content type',5,'delete_contenttype'),
	(20,'Can view content type',5,'view_contenttype'),
	(21,'Can add session',6,'add_session'),
	(22,'Can change session',6,'change_session'),
	(23,'Can delete session',6,'delete_session'),
	(24,'Can view session',6,'view_session'),
	(25,'Can add category',7,'add_category'),
	(26,'Can change category',7,'change_category'),
	(27,'Can delete category',7,'delete_category'),
	(28,'Can view category',7,'view_category'),
	(29,'Can add facility',8,'add_facility'),
	(30,'Can change facility',8,'change_facility'),
	(31,'Can delete facility',8,'delete_facility'),
	(32,'Can view facility',8,'view_facility'),
	(33,'Can add host',9,'add_host'),
	(34,'Can change host',9,'change_host'),
	(35,'Can delete host',9,'delete_host'),
	(36,'Can view host',9,'view_host'),
	(37,'Can add location',10,'add_location'),
	(38,'Can change location',10,'change_location'),
	(39,'Can delete location',10,'delete_location'),
	(40,'Can view location',10,'view_location'),
	(41,'Can add trip',11,'add_trip'),
	(42,'Can change trip',11,'change_trip'),
	(43,'Can delete trip',11,'delete_trip'),
	(44,'Can view trip',11,'view_trip'),
	(45,'Can add trip schedule',12,'add_tripschedule'),
	(46,'Can change trip schedule',12,'change_tripschedule'),
	(47,'Can delete trip schedule',12,'delete_tripschedule'),
	(48,'Can view trip schedule',12,'view_tripschedule'),
	(49,'Can add trip review summary',13,'add_tripreviewsummary'),
	(50,'Can change trip review summary',13,'change_tripreviewsummary'),
	(51,'Can delete trip review summary',13,'delete_tripreviewsummary'),
	(52,'Can view trip review summary',13,'view_tripreviewsummary'),
	(53,'Can add trip review',14,'add_tripreview'),
	(54,'Can change trip review',14,'change_tripreview'),
	(55,'Can delete trip review',14,'delete_tripreview'),
	(56,'Can view trip review',14,'view_tripreview'),
	(57,'Can add trip pickup location',15,'add_trippickuplocation'),
	(58,'Can change trip pickup location',15,'change_trippickuplocation'),
	(59,'Can delete trip pickup location',15,'delete_trippickuplocation'),
	(60,'Can view trip pickup location',15,'view_trippickuplocation'),
	(61,'Can add trip booking',16,'add_tripbooking'),
	(62,'Can change trip booking',16,'change_tripbooking'),
	(63,'Can delete trip booking',16,'delete_tripbooking'),
	(64,'Can view trip booking',16,'view_tripbooking'),
	(65,'Can add cancellation policy',17,'add_cancellationpolicy'),
	(66,'Can change cancellation policy',17,'change_cancellationpolicy'),
	(67,'Can delete cancellation policy',17,'delete_cancellationpolicy'),
	(68,'Can view cancellation policy',17,'view_cancellationpolicy'),
	(69,'Can add trip itinerary',18,'add_tripitinerary'),
	(70,'Can change trip itinerary',18,'change_tripitinerary'),
	(71,'Can delete trip itinerary',18,'delete_tripitinerary'),
	(72,'Can view trip itinerary',18,'view_tripitinerary');

/*!40000 ALTER TABLE `auth_permission` ENABLE KEYS */;
UNLOCK TABLES;


# Dump of table auth_user
# ------------------------------------------------------------

DROP TABLE IF EXISTS `auth_user`;

CREATE TABLE `auth_user` (
  `id` int(11) NOT NULL AUTO_INCREMENT,
  `password` varchar(128) NOT NULL,
  `last_login` datetime(6) DEFAULT NULL,
  `is_superuser` tinyint(1) NOT NULL,
  `username` varchar(150) NOT NULL,
  `first_name` varchar(30) NOT NULL,
  `last_name` varchar(150) NOT NULL,
  `email` varchar(254) NOT NULL,
  `is_staff` tinyint(1) NOT NULL,
  `is_active` tinyint(1) NOT NULL,
  `date_joined` datetime(6) NOT NULL,
  PRIMARY KEY (`id`),
  UNIQUE KEY `username` (`username`)
) ENGINE=InnoDB DEFAULT CHARSET=utf8;

LOCK TABLES `auth_user` WRITE;
/*!40000 ALTER TABLE `auth_user` DISABLE KEYS */;

INSERT INTO `auth_user` (`id`, `password`, `last_login`, `is_superuser`, `username`, `first_name`, `last_name`, `email`, `is_staff`, `is_active`, `date_joined`)
VALUES
	(1,'pbkdf2_sha256$150000$DCP0uKepwnnU$JaRupX8JVUSpwfDy8eEvuKhZszKlW/7pr/fOnk7tgcw=',NULL,1,'admin','','','a@a.com',1,1,'2020-09-20 11:49:45.226160');

/*!40000 ALTER TABLE `auth_user` ENABLE KEYS */;
UNLOCK TABLES;


# Dump of table auth_user_groups
# ------------------------------------------------------------

DROP TABLE IF EXISTS `auth_user_groups`;

CREATE TABLE `auth_user_groups` (
  `id` int(11) NOT NULL AUTO_INCREMENT,
  `user_id` int(11) NOT NULL,
  `group_id` int(11) NOT NULL,
  PRIMARY KEY (`id`),
  UNIQUE KEY `auth_user_groups_user_id_group_id_94350c0c_uniq` (`user_id`,`group_id`),
  KEY `auth_user_groups_group_id_97559544_fk_auth_group_id` (`group_id`),
  CONSTRAINT `auth_user_groups_group_id_97559544_fk_auth_group_id` FOREIGN KEY (`group_id`) REFERENCES `auth_group` (`id`),
  CONSTRAINT `auth_user_groups_user_id_6a12ed8b_fk_auth_user_id` FOREIGN KEY (`user_id`) REFERENCES `auth_user` (`id`)
) ENGINE=InnoDB DEFAULT CHARSET=utf8;



# Dump of table auth_user_user_permissions
# ------------------------------------------------------------

DROP TABLE IF EXISTS `auth_user_user_permissions`;

CREATE TABLE `auth_user_user_permissions` (
  `id` int(11) NOT NULL AUTO_INCREMENT,
  `user_id` int(11) NOT NULL,
  `permission_id` int(11) NOT NULL,
  PRIMARY KEY (`id`),
  UNIQUE KEY `auth_user_user_permissions_user_id_permission_id_14a6b632_uniq` (`user_id`,`permission_id`),
  KEY `auth_user_user_permi_permission_id_1fbb5f2c_fk_auth_perm` (`permission_id`),
  CONSTRAINT `auth_user_user_permi_permission_id_1fbb5f2c_fk_auth_perm` FOREIGN KEY (`permission_id`) REFERENCES `auth_permission` (`id`),
  CONSTRAINT `auth_user_user_permissions_user_id_a95ead1b_fk_auth_user_id` FOREIGN KEY (`user_id`) REFERENCES `auth_user` (`id`)
) ENGINE=InnoDB DEFAULT CHARSET=utf8;



# Dump of table django_admin_log
# ------------------------------------------------------------

DROP TABLE IF EXISTS `django_admin_log`;

CREATE TABLE `django_admin_log` (
  `id` int(11) NOT NULL AUTO_INCREMENT,
  `action_time` datetime(6) NOT NULL,
  `object_id` longtext,
  `object_repr` varchar(200) NOT NULL,
  `action_flag` smallint(5) unsigned NOT NULL,
  `change_message` longtext NOT NULL,
  `content_type_id` int(11) DEFAULT NULL,
  `user_id` int(11) NOT NULL,
  PRIMARY KEY (`id`),
  KEY `django_admin_log_content_type_id_c4bce8eb_fk_django_co` (`content_type_id`),
  KEY `django_admin_log_user_id_c564eba6_fk_auth_user_id` (`user_id`),
  CONSTRAINT `django_admin_log_content_type_id_c4bce8eb_fk_django_co` FOREIGN KEY (`content_type_id`) REFERENCES `django_content_type` (`id`),
  CONSTRAINT `django_admin_log_user_id_c564eba6_fk_auth_user_id` FOREIGN KEY (`user_id`) REFERENCES `auth_user` (`id`)
) ENGINE=InnoDB DEFAULT CHARSET=utf8;



# Dump of table django_content_type
# ------------------------------------------------------------

DROP TABLE IF EXISTS `django_content_type`;

CREATE TABLE `django_content_type` (
  `id` int(11) NOT NULL AUTO_INCREMENT,
  `app_label` varchar(100) NOT NULL,
  `model` varchar(100) NOT NULL,
  PRIMARY KEY (`id`),
  UNIQUE KEY `django_content_type_app_label_model_76bd3d3b_uniq` (`app_label`,`model`)
) ENGINE=InnoDB DEFAULT CHARSET=utf8;

LOCK TABLES `django_content_type` WRITE;
/*!40000 ALTER TABLE `django_content_type` DISABLE KEYS */;

INSERT INTO `django_content_type` (`id`, `app_label`, `model`)
VALUES
	(1,'admin','logentry'),
	(3,'auth','group'),
	(2,'auth','permission'),
	(4,'auth','user'),
	(5,'contenttypes','contenttype'),
	(6,'sessions','session'),
	(17,'trips','cancellationpolicy'),
	(7,'trips','category'),
	(8,'trips','facility'),
	(9,'trips','host'),
	(10,'trips','location'),
	(11,'trips','trip'),
	(16,'trips','tripbooking'),
	(18,'trips','tripitinerary'),
	(15,'trips','trippickuplocation'),
	(14,'trips','tripreview'),
	(13,'trips','tripreviewsummary'),
	(12,'trips','tripschedule');

/*!40000 ALTER TABLE `django_content_type` ENABLE KEYS */;
UNLOCK TABLES;


# Dump of table django_migrations
# ------------------------------------------------------------

DROP TABLE IF EXISTS `django_migrations`;

CREATE TABLE `django_migrations` (
  `id` int(11) NOT NULL AUTO_INCREMENT,
  `app` varchar(255) NOT NULL,
  `name` varchar(255) NOT NULL,
  `applied` datetime(6) NOT NULL,
  PRIMARY KEY (`id`)
) ENGINE=InnoDB DEFAULT CHARSET=utf8;

LOCK TABLES `django_migrations` WRITE;
/*!40000 ALTER TABLE `django_migrations` DISABLE KEYS */;

INSERT INTO `django_migrations` (`id`, `app`, `name`, `applied`)
VALUES
	(1,'contenttypes','0001_initial','2020-09-20 11:49:19.944428'),
	(2,'auth','0001_initial','2020-09-20 11:49:20.358295'),
	(3,'admin','0001_initial','2020-09-20 11:49:21.457411'),
	(4,'admin','0002_logentry_remove_auto_add','2020-09-20 11:49:21.687226'),
	(5,'admin','0003_logentry_add_action_flag_choices','2020-09-20 11:49:21.702730'),
	(6,'contenttypes','0002_remove_content_type_name','2020-09-20 11:49:21.865194'),
	(7,'auth','0002_alter_permission_name_max_length','2020-09-20 11:49:21.961509'),
	(8,'auth','0003_alter_user_email_max_length','2020-09-20 11:49:22.086313'),
	(9,'auth','0004_alter_user_username_opts','2020-09-20 11:49:22.105051'),
	(10,'auth','0005_alter_user_last_login_null','2020-09-20 11:49:22.181033'),
	(11,'auth','0006_require_contenttypes_0002','2020-09-20 11:49:22.191999'),
	(12,'auth','0007_alter_validators_add_error_messages','2020-09-20 11:49:22.207193'),
	(13,'auth','0008_alter_user_username_max_length','2020-09-20 11:49:22.334302'),
	(14,'auth','0009_alter_user_last_name_max_length','2020-09-20 11:49:22.448805'),
	(15,'auth','0010_alter_group_name_max_length','2020-09-20 11:49:22.555573'),
	(16,'auth','0011_update_proxy_permissions','2020-09-20 11:49:22.569695'),
	(17,'sessions','0001_initial','2020-09-20 11:49:22.610264'),
	(18,'trips','0001_initial','2020-09-20 11:49:23.423780');

/*!40000 ALTER TABLE `django_migrations` ENABLE KEYS */;
UNLOCK TABLES;


# Dump of table django_session
# ------------------------------------------------------------

DROP TABLE IF EXISTS `django_session`;

CREATE TABLE `django_session` (
  `session_key` varchar(40) NOT NULL,
  `session_data` longtext NOT NULL,
  `expire_date` datetime(6) NOT NULL,
  PRIMARY KEY (`session_key`),
  KEY `django_session_expire_date_a5c62663` (`expire_date`)
) ENGINE=InnoDB DEFAULT CHARSET=utf8;



# Dump of table trips_cancellationpolicy
# ------------------------------------------------------------

DROP TABLE IF EXISTS `trips_cancellationpolicy`;

CREATE TABLE `trips_cancellationpolicy` (
  `id` int(11) NOT NULL AUTO_INCREMENT,
  `change_date` datetime(6) NOT NULL,
  `enabled` tinyint(1) NOT NULL,
  `description` longtext NOT NULL,
  `changed_by_id` int(11) DEFAULT NULL,
  PRIMARY KEY (`id`),
  KEY `trips_cancellationpolicy_changed_by_id_4a9af2e1_fk_auth_user_id` (`changed_by_id`),
  CONSTRAINT `trips_cancellationpolicy_changed_by_id_4a9af2e1_fk_auth_user_id` FOREIGN KEY (`changed_by_id`) REFERENCES `auth_user` (`id`)
) ENGINE=InnoDB DEFAULT CHARSET=utf8;



# Dump of table trips_category
# ------------------------------------------------------------

DROP TABLE IF EXISTS `trips_category`;

CREATE TABLE `trips_category` (
  `id` int(11) NOT NULL AUTO_INCREMENT,
  `name` varchar(70) NOT NULL,
  `slug` varchar(85) DEFAULT NULL,
  `deleted` tinyint(1) NOT NULL,
  PRIMARY KEY (`id`),
  KEY `trips_category_slug_a6bf58a3` (`slug`)
) ENGINE=InnoDB DEFAULT CHARSET=utf8;



# Dump of table trips_facility
# ------------------------------------------------------------

DROP TABLE IF EXISTS `trips_facility`;

CREATE TABLE `trips_facility` (
  `id` int(11) NOT NULL AUTO_INCREMENT,
  `name` varchar(70) NOT NULL,
  `slug` varchar(85) DEFAULT NULL,
  `deleted` tinyint(1) NOT NULL,
  PRIMARY KEY (`id`),
  KEY `trips_facility_slug_5a24f3bc` (`slug`)
) ENGINE=InnoDB DEFAULT CHARSET=utf8;

LOCK TABLES `trips_facility` WRITE;
/*!40000 ALTER TABLE `trips_facility` DISABLE KEYS */;

INSERT INTO `trips_facility` (`id`, `name`, `slug`, `deleted`)
VALUES
	(1,'Photography',NULL,0),
	(2,'Power Bank',NULL,0),
	(3,'First Aid Kit',NULL,0),
	(4,'Guide',NULL,0),
	(5,'Transport',NULL,0),
	(6,'Bon Fire',NULL,0),
	(7,'Meals',NULL,0),
	(8,'Accommodation',NULL,0);

/*!40000 ALTER TABLE `trips_facility` ENABLE KEYS */;
UNLOCK TABLES;


# Dump of table trips_host
# ------------------------------------------------------------

DROP TABLE IF EXISTS `trips_host`;

CREATE TABLE `trips_host` (
  `id` int(11) NOT NULL AUTO_INCREMENT,
  `name` varchar(50) NOT NULL,
  `slug` varchar(70) DEFAULT NULL,
  `description` longtext,
  `cancellation_policy` longtext,
  `verified` tinyint(1) NOT NULL,
  PRIMARY KEY (`id`),
  KEY `trips_host_slug_5626e749` (`slug`)
) ENGINE=InnoDB DEFAULT CHARSET=utf8;

LOCK TABLES `trips_host` WRITE;
/*!40000 ALTER TABLE `trips_host` DISABLE KEYS */;

INSERT INTO `trips_host` (`id`, `name`, `slug`, `description`, `cancellation_policy`, `verified`)
VALUES
	(1,'Arbisoft',NULL,NULL,NULL,1),
	(2,'Travel Freaks',NULL,NULL,NULL,1),
	(3,'Traverse',NULL,NULL,NULL,1),
	(4,'Destivels',NULL,NULL,NULL,1),
	(5,'Arbitainment',NULL,NULL,NULL,1);

/*!40000 ALTER TABLE `trips_host` ENABLE KEYS */;
UNLOCK TABLES;


# Dump of table trips_location
# ------------------------------------------------------------

DROP TABLE IF EXISTS `trips_location`;

CREATE TABLE `trips_location` (
  `id` int(11) NOT NULL AUTO_INCREMENT,
  `name` varchar(30) NOT NULL,
  `slug` varchar(50) DEFAULT NULL,
  `coordinates` varchar(50) DEFAULT NULL,
  `is_active` tinyint(1) NOT NULL,
  `is_destination` tinyint(1) NOT NULL,
  `is_departure` tinyint(1) NOT NULL,
  PRIMARY KEY (`id`),
  KEY `trips_location_slug_22669a0c` (`slug`)
) ENGINE=InnoDB DEFAULT CHARSET=utf8;

LOCK TABLES `trips_location` WRITE;
/*!40000 ALTER TABLE `trips_location` DISABLE KEYS */;

INSERT INTO `trips_location` (`id`, `name`, `slug`, `coordinates`, `is_active`, `is_destination`, `is_departure`)
VALUES
	(1,'Lahore',NULL,NULL,1,0,0),
	(2,'Skardu',NULL,NULL,1,0,0),
	(3,'Fairy Meadows',NULL,NULL,1,0,0),
	(4,'Gilgit',NULL,NULL,1,0,0),
	(5,'Swat',NULL,NULL,1,0,0),
	(6,'Kaghan',NULL,NULL,1,0,0),
	(7,'Kashmir',NULL,NULL,1,0,0),
	(8,'Hunza',NULL,NULL,1,0,0),
	(9,'Karachi',NULL,NULL,1,0,0),
	(10,'Murree',NULL,NULL,1,0,0),
	(11,'Islamabad',NULL,NULL,1,0,0);

/*!40000 ALTER TABLE `trips_location` ENABLE KEYS */;
UNLOCK TABLES;


# Dump of table trips_trip
# ------------------------------------------------------------

DROP TABLE IF EXISTS `trips_trip`;

CREATE TABLE `trips_trip` (
  `id` int(11) NOT NULL AUTO_INCREMENT,
  `name` varchar(500) DEFAULT NULL,
  `slug` varchar(100) DEFAULT NULL,
  `description` longtext,
  `_metadata` longtext,
  `duration` smallint(6) DEFAULT NULL,
  `age_limit` smallint(6) DEFAULT NULL,
  `gear` longtext,
  `deleted` tinyint(1) NOT NULL,
  `created_at` datetime(6) NOT NULL,
  `updated_at` datetime(6) NOT NULL,
  `category_id` int(11) DEFAULT NULL,
  `created_by_id` int(11) NOT NULL,
  `destination_id` int(11) DEFAULT NULL,
  `host_id` int(11) NOT NULL,
  PRIMARY KEY (`id`),
  KEY `trips_trip_category_id_eb970010_fk_trips_category_id` (`category_id`),
  KEY `trips_trip_created_by_id_f8d8c76e_fk_auth_user_id` (`created_by_id`),
  KEY `trips_trip_destination_id_a03da6f8_fk_trips_location_id` (`destination_id`),
  KEY `trips_trip_host_id_c164a7ba_fk_trips_host_id` (`host_id`),
  KEY `trips_trip_slug_61ab4bbd` (`slug`),
  CONSTRAINT `trips_trip_category_id_eb970010_fk_trips_category_id` FOREIGN KEY (`category_id`) REFERENCES `trips_category` (`id`),
  CONSTRAINT `trips_trip_created_by_id_f8d8c76e_fk_auth_user_id` FOREIGN KEY (`created_by_id`) REFERENCES `auth_user` (`id`),
  CONSTRAINT `trips_trip_destination_id_a03da6f8_fk_trips_location_id` FOREIGN KEY (`destination_id`) REFERENCES `trips_location` (`id`),
  CONSTRAINT `trips_trip_host_id_c164a7ba_fk_trips_host_id` FOREIGN KEY (`host_id`) REFERENCES `trips_host` (`id`)
) ENGINE=InnoDB DEFAULT CHARSET=utf8;

LOCK TABLES `trips_trip` WRITE;
/*!40000 ALTER TABLE `trips_trip` DISABLE KEYS */;

INSERT INTO `trips_trip` (`id`, `name`, `slug`, `description`, `_metadata`, `duration`, `age_limit`, `gear`, `deleted`, `created_at`, `updated_at`, `category_id`, `created_by_id`, `destination_id`, `host_id`)
VALUES
	(1,'Trip : 0',NULL,'This is the description for trip: 1','{}',5,22,'Coat',0,'2020-09-20 11:53:01.267264','2020-09-20 11:53:01.328314',NULL,1,1,1),
	(2,'Trip : 0',NULL,'This is the description for trip: 1','{}',7,25,'Camp',0,'2020-09-20 11:53:33.052113','2020-09-20 11:53:33.129126',NULL,1,2,2),
	(3,'Trip : 1',NULL,'This is the description for trip: 2','{}',3,24,'Stick',0,'2020-09-20 11:53:33.302188','2020-09-20 11:53:33.372049',NULL,1,7,3),
	(4,'Trip : 2',NULL,'This is the description for trip: 3','{}',3,23,'Stick,Shoes,Lighter',0,'2020-09-20 11:53:33.451987','2020-09-20 11:53:33.487531',NULL,1,3,4),
	(5,'Trip : 3',NULL,'This is the description for trip: 4','{}',5,25,'Camp,Stick,Lighter',0,'2020-09-20 11:53:33.582353','2020-09-20 11:53:33.617375',NULL,1,1,2),
	(6,'Trip : 4',NULL,'This is the description for trip: 5','{}',7,34,'Inhaler,Mountain Climber,Shoes',0,'2020-09-20 11:53:33.690094','2020-09-20 11:53:33.722798',NULL,1,5,5),
	(7,'Trip : 5',NULL,'This is the description for trip: 6','{}',3,30,'Inhaler,Lighter,Shoes',0,'2020-09-20 11:53:33.805820','2020-09-20 11:53:33.844537',NULL,1,4,1),
	(8,'Trip : 6',NULL,'This is the description for trip: 7','{}',5,28,'Coat,Stick,Camp',0,'2020-09-20 11:53:33.899100','2020-09-20 11:53:33.922596',NULL,1,3,1),
	(9,'Trip : 7',NULL,'This is the description for trip: 8','{}',7,22,'Camp,Mountain Climber,Coat',0,'2020-09-20 11:53:33.994317','2020-09-20 11:53:34.020364',NULL,1,1,4),
	(10,'Trip : 8',NULL,'This is the description for trip: 9','{}',4,35,'Inhaler',0,'2020-09-20 11:53:34.074124','2020-09-20 11:53:34.102486',NULL,1,10,2),
	(11,'Trip : 9',NULL,'This is the description for trip: 10','{}',4,28,'Coat',0,'2020-09-20 11:53:34.140317','2020-09-20 11:53:34.166707',NULL,1,1,2),
	(12,'Trip : 10',NULL,'This is the description for trip: 11','{}',4,32,'Coat,Camp,Lighter',0,'2020-09-20 11:53:34.235828','2020-09-20 11:53:34.270923',NULL,1,3,5),
	(13,'Trip : 11',NULL,'This is the description for trip: 12','{}',7,37,'Mountain Climber',0,'2020-09-20 11:53:34.360140','2020-09-20 11:53:34.392868',NULL,1,6,1),
	(14,'Trip : 12',NULL,'This is the description for trip: 13','{}',4,26,'Mountain Climber',0,'2020-09-20 11:53:34.447353','2020-09-20 11:53:34.478373',NULL,1,8,3),
	(15,'Trip : 13',NULL,'This is the description for trip: 14','{}',5,27,'Inhaler',0,'2020-09-20 11:53:34.565883','2020-09-20 11:53:34.597569',NULL,1,9,2),
	(16,'Trip : 14',NULL,'This is the description for trip: 15','{}',3,36,'Mountain Climber',0,'2020-09-20 11:53:34.695321','2020-09-20 11:53:34.719910',NULL,1,11,3),
	(17,'Trip : 15',NULL,'This is the description for trip: 16','{}',7,23,'Shoes',0,'2020-09-20 11:53:34.794872','2020-09-20 11:53:34.819442',NULL,1,6,4),
	(18,'Trip : 16',NULL,'This is the description for trip: 17','{}',4,26,'Camp',0,'2020-09-20 11:53:34.918547','2020-09-20 11:53:34.949230',NULL,1,3,2),
	(19,'Trip : 17',NULL,'This is the description for trip: 18','{}',4,36,'Shoes,Lighter,Inhaler',0,'2020-09-20 11:53:35.020807','2020-09-20 11:53:35.046169',NULL,1,6,3),
	(20,'Trip : 18',NULL,'This is the description for trip: 19','{}',7,23,'Inhaler,Camp,Stick',0,'2020-09-20 11:53:35.106501','2020-09-20 11:53:35.132363',NULL,1,8,2),
	(21,'Trip : 19',NULL,'This is the description for trip: 20','{}',3,25,'Camp',0,'2020-09-20 11:53:35.177576','2020-09-20 11:53:35.202831',NULL,1,5,3),
	(22,'Trip : 20',NULL,'This is the description for trip: 21','{}',6,37,'Mountain Climber,Lighter,Stick',0,'2020-09-20 11:53:35.243835','2020-09-20 11:53:35.265807',NULL,1,3,3),
	(23,'Trip : 21',NULL,'This is the description for trip: 22','{}',7,36,'Coat',0,'2020-09-20 11:53:35.314989','2020-09-20 11:53:35.360762',NULL,1,10,1),
	(24,'Trip : 22',NULL,'This is the description for trip: 23','{}',4,34,'Coat,Mountain Climber',0,'2020-09-20 11:53:35.464231','2020-09-20 11:53:35.501332',NULL,1,5,1),
	(25,'Trip : 23',NULL,'This is the description for trip: 24','{}',7,23,'Inhaler',0,'2020-09-20 11:53:35.554266','2020-09-20 11:53:35.578569',NULL,1,2,2),
	(26,'Trip : 24',NULL,'This is the description for trip: 25','{}',6,32,'Shoes,Stick,Camp',0,'2020-09-20 11:53:35.638309','2020-09-20 11:53:35.673059',NULL,1,1,5),
	(27,'Trip : 25',NULL,'This is the description for trip: 26','{}',3,32,'Camp',0,'2020-09-20 11:53:35.715700','2020-09-20 11:53:35.775730',NULL,1,9,5),
	(28,'Trip : 26',NULL,'This is the description for trip: 27','{}',4,34,'Stick',0,'2020-09-20 11:53:35.824579','2020-09-20 11:53:35.856856',NULL,1,6,5),
	(29,'Trip : 27',NULL,'This is the description for trip: 28','{}',4,20,'Lighter,Stick,Shoes',0,'2020-09-20 11:53:35.910856','2020-09-20 11:53:35.939391',NULL,1,1,4),
	(30,'Trip : 28',NULL,'This is the description for trip: 29','{}',3,29,'Lighter',0,'2020-09-20 11:53:36.021429','2020-09-20 11:53:36.048764',NULL,1,11,3),
	(31,'Trip : 29',NULL,'This is the description for trip: 30','{}',5,26,'Mountain Climber,Camp',0,'2020-09-20 11:53:36.094118','2020-09-20 11:53:36.124426',NULL,1,9,4),
	(32,'Trip : 30',NULL,'This is the description for trip: 31','{}',5,33,'Stick,Shoes,Inhaler',0,'2020-09-20 11:53:36.197777','2020-09-20 11:53:36.222987',NULL,1,9,1),
	(33,'Trip : 31',NULL,'This is the description for trip: 32','{}',6,27,'Coat,Shoes,Lighter',0,'2020-09-20 11:53:36.275125','2020-09-20 11:53:36.297105',NULL,1,9,4),
	(34,'Trip : 32',NULL,'This is the description for trip: 33','{}',3,39,'Stick',0,'2020-09-20 11:53:36.330772','2020-09-20 11:53:36.358691',NULL,1,1,1),
	(35,'Trip : 33',NULL,'This is the description for trip: 34','{}',4,23,'Inhaler,Camp',0,'2020-09-20 11:53:36.402795','2020-09-20 11:53:36.428195',NULL,1,7,1),
	(36,'Trip : 34',NULL,'This is the description for trip: 35','{}',3,38,'Lighter,Coat,Camp',0,'2020-09-20 11:53:36.497159','2020-09-20 11:53:36.519934',NULL,1,7,4),
	(37,'Trip : 35',NULL,'This is the description for trip: 36','{}',6,31,'Camp',0,'2020-09-20 11:53:36.583183','2020-09-20 11:53:36.618843',NULL,1,11,3),
	(38,'Trip : 36',NULL,'This is the description for trip: 37','{}',5,28,'Lighter,Camp,Stick',0,'2020-09-20 11:53:36.690569','2020-09-20 11:53:36.719338',NULL,1,4,5),
	(39,'Trip : 37',NULL,'This is the description for trip: 38','{}',5,27,'Inhaler,Coat',0,'2020-09-20 11:53:36.770576','2020-09-20 11:53:36.805984',NULL,1,7,5),
	(40,'Trip : 38',NULL,'This is the description for trip: 39','{}',6,24,'Shoes,Stick,Camp',0,'2020-09-20 11:53:36.900484','2020-09-20 11:53:36.932612',NULL,1,5,2),
	(41,'Trip : 39',NULL,'This is the description for trip: 40','{}',3,33,'Camp,Mountain Climber',0,'2020-09-20 11:53:36.991429','2020-09-20 11:53:37.014162',NULL,1,9,4),
	(42,'Trip : 40',NULL,'This is the description for trip: 41','{}',5,34,'Camp,Coat,Lighter',0,'2020-09-20 11:53:37.078548','2020-09-20 11:53:37.104204',NULL,1,10,4),
	(43,'Trip : 41',NULL,'This is the description for trip: 42','{}',7,33,'Inhaler,Camp',0,'2020-09-20 11:53:37.146088','2020-09-20 11:53:37.170200',NULL,1,5,1),
	(44,'Trip : 42',NULL,'This is the description for trip: 43','{}',6,25,'Coat,Camp,Lighter',0,'2020-09-20 11:53:37.227160','2020-09-20 11:53:37.251538',NULL,1,11,3),
	(45,'Trip : 43',NULL,'This is the description for trip: 44','{}',7,22,'Shoes,Mountain Climber,Coat',0,'2020-09-20 11:53:37.335606','2020-09-20 11:53:37.359650',NULL,1,10,5),
	(46,'Trip : 44',NULL,'This is the description for trip: 45','{}',7,34,'Stick,Inhaler,Camp',0,'2020-09-20 11:53:37.415023','2020-09-20 11:53:37.449734',NULL,1,9,1),
	(47,'Trip : 45',NULL,'This is the description for trip: 46','{}',6,26,'Stick',0,'2020-09-20 11:53:37.511213','2020-09-20 11:53:37.535924',NULL,1,8,4),
	(48,'Trip : 46',NULL,'This is the description for trip: 47','{}',3,32,'Inhaler,Camp,Coat',0,'2020-09-20 11:53:37.589843','2020-09-20 11:53:37.622033',NULL,1,5,2),
	(49,'Trip : 47',NULL,'This is the description for trip: 48','{}',7,33,'Camp',0,'2020-09-20 11:53:37.686334','2020-09-20 11:53:37.708602',NULL,1,5,1),
	(50,'Trip : 48',NULL,'This is the description for trip: 49','{}',7,28,'Shoes',0,'2020-09-20 11:53:37.785975','2020-09-20 11:53:37.818677',NULL,1,7,1),
	(51,'Trip : 49',NULL,'This is the description for trip: 50','{}',5,22,'Inhaler',0,'2020-09-20 11:53:37.899105','2020-09-20 11:53:37.925503',NULL,1,11,2),
	(52,'Trip : 50',NULL,'This is the description for trip: 51','{}',4,33,'Coat,Inhaler,Lighter',0,'2020-09-20 11:53:37.983321','2020-09-20 11:53:38.017567',NULL,1,8,4),
	(53,'Trip : 51',NULL,'This is the description for trip: 52','{}',5,37,'Shoes',0,'2020-09-20 11:53:38.091767','2020-09-20 11:53:38.113987',NULL,1,10,2),
	(54,'Trip : 52',NULL,'This is the description for trip: 53','{}',7,33,'Inhaler',0,'2020-09-20 11:53:38.166154','2020-09-20 11:53:38.198100',NULL,1,6,2),
	(55,'Trip : 53',NULL,'This is the description for trip: 54','{}',6,21,'Shoes,Inhaler',0,'2020-09-20 11:53:38.246451','2020-09-20 11:53:38.283929',NULL,1,1,4),
	(56,'Trip : 54',NULL,'This is the description for trip: 55','{}',3,38,'Coat,Stick',0,'2020-09-20 11:53:38.359087','2020-09-20 11:53:38.389221',NULL,1,9,3),
	(57,'Trip : 55',NULL,'This is the description for trip: 56','{}',3,38,'Stick,Coat,Shoes',0,'2020-09-20 11:53:38.445067','2020-09-20 11:53:38.470201',NULL,1,2,2),
	(58,'Trip : 56',NULL,'This is the description for trip: 57','{}',6,20,'Stick,Shoes,Coat',0,'2020-09-20 11:53:38.509989','2020-09-20 11:53:38.543011',NULL,1,9,1),
	(59,'Trip : 57',NULL,'This is the description for trip: 58','{}',7,39,'Mountain Climber,Stick,Coat',0,'2020-09-20 11:53:38.619929','2020-09-20 11:53:38.657919',NULL,1,5,2),
	(60,'Trip : 58',NULL,'This is the description for trip: 59','{}',4,38,'Coat,Mountain Climber',0,'2020-09-20 11:53:38.738433','2020-09-20 11:53:38.766976',NULL,1,11,1),
	(61,'Trip : 59',NULL,'This is the description for trip: 60','{}',7,39,'Mountain Climber,Stick',0,'2020-09-20 11:53:38.815124','2020-09-20 11:53:38.844066',NULL,1,4,2),
	(62,'Trip : 60',NULL,'This is the description for trip: 61','{}',4,35,'Shoes,Mountain Climber',0,'2020-09-20 11:53:38.894990','2020-09-20 11:53:38.920499',NULL,1,11,1),
	(63,'Trip : 61',NULL,'This is the description for trip: 62','{}',4,39,'Inhaler',0,'2020-09-20 11:53:39.001362','2020-09-20 11:53:39.036634',NULL,1,2,4),
	(64,'Trip : 62',NULL,'This is the description for trip: 63','{}',7,21,'Inhaler',0,'2020-09-20 11:53:39.097449','2020-09-20 11:53:39.126581',NULL,1,4,1),
	(65,'Trip : 63',NULL,'This is the description for trip: 64','{}',7,20,'Shoes',0,'2020-09-20 11:53:39.235271','2020-09-20 11:53:39.259011',NULL,1,9,5),
	(66,'Trip : 64',NULL,'This is the description for trip: 65','{}',5,22,'Mountain Climber,Camp',0,'2020-09-20 11:53:39.358952','2020-09-20 11:53:39.389124',NULL,1,10,5),
	(67,'Trip : 65',NULL,'This is the description for trip: 66','{}',4,38,'Inhaler,Camp',0,'2020-09-20 11:53:39.452590','2020-09-20 11:53:39.496207',NULL,1,10,4),
	(68,'Trip : 66',NULL,'This is the description for trip: 67','{}',4,25,'Coat,Shoes,Mountain Climber',0,'2020-09-20 11:53:39.549415','2020-09-20 11:53:39.574303',NULL,1,2,2),
	(69,'Trip : 67',NULL,'This is the description for trip: 68','{}',4,27,'Stick',0,'2020-09-20 11:53:39.616064','2020-09-20 11:53:39.642607',NULL,1,7,5),
	(70,'Trip : 68',NULL,'This is the description for trip: 69','{}',3,32,'Mountain Climber',0,'2020-09-20 11:53:39.696025','2020-09-20 11:53:39.738074',NULL,1,9,1),
	(71,'Trip : 69',NULL,'This is the description for trip: 70','{}',4,30,'Lighter',0,'2020-09-20 11:53:39.809979','2020-09-20 11:53:39.843896',NULL,1,1,5),
	(72,'Trip : 70',NULL,'This is the description for trip: 71','{}',7,21,'Camp,Shoes,Lighter',0,'2020-09-20 11:53:39.908903','2020-09-20 11:53:39.950575',NULL,1,8,4),
	(73,'Trip : 71',NULL,'This is the description for trip: 72','{}',3,31,'Coat',0,'2020-09-20 11:53:40.045887','2020-09-20 11:53:40.086902',NULL,1,8,1),
	(74,'Trip : 72',NULL,'This is the description for trip: 73','{}',7,26,'Camp',0,'2020-09-20 11:53:40.179381','2020-09-20 11:53:40.226050',NULL,1,2,1),
	(75,'Trip : 73',NULL,'This is the description for trip: 74','{}',6,36,'Lighter,Shoes',0,'2020-09-20 11:53:40.301227','2020-09-20 11:53:40.350328',NULL,1,6,1),
	(76,'Trip : 74',NULL,'This is the description for trip: 75','{}',5,28,'Lighter,Shoes',0,'2020-09-20 11:53:40.457478','2020-09-20 11:53:40.494288',NULL,1,10,5),
	(77,'Trip : 75',NULL,'This is the description for trip: 76','{}',5,28,'Stick,Camp',0,'2020-09-20 11:53:40.582933','2020-09-20 11:53:40.633157',NULL,1,10,4),
	(78,'Trip : 76',NULL,'This is the description for trip: 77','{}',7,37,'Inhaler,Coat,Stick',0,'2020-09-20 11:53:40.687172','2020-09-20 11:53:40.720901',NULL,1,10,5),
	(79,'Trip : 77',NULL,'This is the description for trip: 78','{}',3,32,'Stick,Inhaler',0,'2020-09-20 11:53:40.779202','2020-09-20 11:53:40.817941',NULL,1,3,3),
	(80,'Trip : 78',NULL,'This is the description for trip: 79','{}',4,30,'Lighter,Camp',0,'2020-09-20 11:53:40.900253','2020-09-20 11:53:40.929199',NULL,1,5,2),
	(81,'Trip : 79',NULL,'This is the description for trip: 80','{}',4,28,'Mountain Climber,Inhaler,Coat',0,'2020-09-20 11:53:40.980567','2020-09-20 11:53:41.015487',NULL,1,5,4),
	(82,'Trip : 80',NULL,'This is the description for trip: 81','{}',5,30,'Inhaler,Coat,Mountain Climber',0,'2020-09-20 11:53:41.092573','2020-09-20 11:53:41.119644',NULL,1,4,3),
	(83,'Trip : 81',NULL,'This is the description for trip: 82','{}',7,21,'Camp,Coat,Stick',0,'2020-09-20 11:53:41.181458','2020-09-20 11:53:41.210785',NULL,1,11,4),
	(84,'Trip : 82',NULL,'This is the description for trip: 83','{}',5,23,'Coat,Camp,Shoes',0,'2020-09-20 11:53:41.266566','2020-09-20 11:53:41.299685',NULL,1,10,2),
	(85,'Trip : 83',NULL,'This is the description for trip: 84','{}',5,26,'Shoes',0,'2020-09-20 11:53:41.355435','2020-09-20 11:53:41.388901',NULL,1,11,2),
	(86,'Trip : 84',NULL,'This is the description for trip: 85','{}',4,30,'Inhaler,Mountain Climber',0,'2020-09-20 11:53:41.432976','2020-09-20 11:53:41.459274',NULL,1,7,1),
	(87,'Trip : 85',NULL,'This is the description for trip: 86','{}',4,25,'Mountain Climber,Inhaler',0,'2020-09-20 11:53:41.524033','2020-09-20 11:53:41.548661',NULL,1,8,1),
	(88,'Trip : 86',NULL,'This is the description for trip: 87','{}',3,26,'Stick,Mountain Climber,Camp',0,'2020-09-20 11:53:41.624345','2020-09-20 11:53:41.648196',NULL,1,9,1),
	(89,'Trip : 87',NULL,'This is the description for trip: 88','{}',4,33,'Stick,Shoes',0,'2020-09-20 11:53:41.699139','2020-09-20 11:53:41.730100',NULL,1,11,3),
	(90,'Trip : 88',NULL,'This is the description for trip: 89','{}',3,23,'Coat',0,'2020-09-20 11:53:41.773730','2020-09-20 11:53:41.805309',NULL,1,11,5),
	(91,'Trip : 89',NULL,'This is the description for trip: 90','{}',4,26,'Coat,Shoes',0,'2020-09-20 11:53:41.870585','2020-09-20 11:53:41.899888',NULL,1,10,5),
	(92,'Trip : 90',NULL,'This is the description for trip: 91','{}',5,30,'Coat,Mountain Climber,Camp',0,'2020-09-20 11:53:41.967457','2020-09-20 11:53:42.003673',NULL,1,4,5),
	(93,'Trip : 91',NULL,'This is the description for trip: 92','{}',3,28,'Stick,Lighter,Inhaler',0,'2020-09-20 11:53:42.084114','2020-09-20 11:53:42.110336',NULL,1,5,4),
	(94,'Trip : 92',NULL,'This is the description for trip: 93','{}',6,26,'Shoes',0,'2020-09-20 11:53:42.173388','2020-09-20 11:53:42.210673',NULL,1,11,5),
	(95,'Trip : 93',NULL,'This is the description for trip: 94','{}',5,22,'Mountain Climber',0,'2020-09-20 11:53:42.261149','2020-09-20 11:53:42.298022',NULL,1,5,3),
	(96,'Trip : 94',NULL,'This is the description for trip: 95','{}',7,22,'Lighter,Mountain Climber',0,'2020-09-20 11:53:42.368251','2020-09-20 11:53:42.406529',NULL,1,7,1),
	(97,'Trip : 95',NULL,'This is the description for trip: 96','{}',6,32,'Coat,Shoes,Stick',0,'2020-09-20 11:53:42.474403','2020-09-20 11:53:42.508554',NULL,1,4,4),
	(98,'Trip : 96',NULL,'This is the description for trip: 97','{}',6,31,'Inhaler',0,'2020-09-20 11:53:42.566471','2020-09-20 11:53:42.594356',NULL,1,7,5),
	(99,'Trip : 97',NULL,'This is the description for trip: 98','{}',3,33,'Shoes,Inhaler',0,'2020-09-20 11:53:42.642186','2020-09-20 11:53:42.701014',NULL,1,5,2),
	(100,'Trip : 98',NULL,'This is the description for trip: 99','{}',6,34,'Shoes,Stick',0,'2020-09-20 11:53:42.772026','2020-09-20 11:53:42.802268',NULL,1,1,5),
	(101,'Trip : 99',NULL,'This is the description for trip: 100','{}',6,24,'Stick',0,'2020-09-20 11:53:42.849482','2020-09-20 11:53:42.874270',NULL,1,10,3);

/*!40000 ALTER TABLE `trips_trip` ENABLE KEYS */;
UNLOCK TABLES;


# Dump of table trips_trip_facilities
# ------------------------------------------------------------

DROP TABLE IF EXISTS `trips_trip_facilities`;

CREATE TABLE `trips_trip_facilities` (
  `id` int(11) NOT NULL AUTO_INCREMENT,
  `trip_id` int(11) NOT NULL,
  `facility_id` int(11) NOT NULL,
  PRIMARY KEY (`id`),
  UNIQUE KEY `trips_trip_facilities_trip_id_facility_id_6829d841_uniq` (`trip_id`,`facility_id`),
  KEY `trips_trip_facilities_facility_id_7fa40a77_fk_trips_facility_id` (`facility_id`),
  CONSTRAINT `trips_trip_facilities_facility_id_7fa40a77_fk_trips_facility_id` FOREIGN KEY (`facility_id`) REFERENCES `trips_facility` (`id`),
  CONSTRAINT `trips_trip_facilities_trip_id_658e3d08_fk_trips_trip_id` FOREIGN KEY (`trip_id`) REFERENCES `trips_trip` (`id`)
) ENGINE=InnoDB DEFAULT CHARSET=utf8;

LOCK TABLES `trips_trip_facilities` WRITE;
/*!40000 ALTER TABLE `trips_trip_facilities` DISABLE KEYS */;

INSERT INTO `trips_trip_facilities` (`id`, `trip_id`, `facility_id`)
VALUES
	(1,1,1),
	(2,1,2),
	(3,2,1),
	(4,2,3),
	(5,2,4),
	(6,3,4),
	(7,3,5),
	(8,3,6),
	(9,4,1),
	(10,4,2),
	(11,4,4),
	(12,4,6),
	(13,5,2),
	(14,5,5),
	(15,5,7),
	(17,6,4),
	(18,6,5),
	(16,6,8),
	(20,7,1),
	(21,7,2),
	(22,7,3),
	(19,7,8),
	(24,8,6),
	(25,8,7),
	(23,8,8),
	(27,9,3),
	(28,9,4),
	(29,9,7),
	(26,9,8),
	(30,10,1),
	(31,10,2),
	(32,10,3),
	(33,10,5),
	(35,11,4),
	(36,11,5),
	(34,11,8),
	(37,12,1),
	(38,12,4),
	(39,12,7),
	(41,13,1),
	(42,13,2),
	(43,13,6),
	(40,13,8),
	(45,14,3),
	(46,14,5),
	(47,14,7),
	(44,14,8),
	(49,15,2),
	(50,15,4),
	(51,15,6),
	(48,15,8),
	(53,16,4),
	(54,16,5),
	(52,16,8),
	(55,17,1),
	(56,17,6),
	(57,17,7),
	(59,18,1),
	(60,18,3),
	(58,18,8),
	(61,19,3),
	(62,19,4),
	(63,20,1),
	(64,20,2),
	(65,20,3),
	(66,20,5),
	(67,21,1),
	(68,21,2),
	(69,21,4),
	(70,21,7),
	(71,22,3),
	(72,22,5),
	(73,22,7),
	(75,23,3),
	(76,23,5),
	(77,23,7),
	(74,23,8),
	(79,24,4),
	(80,24,7),
	(78,24,8),
	(81,25,6),
	(82,25,7),
	(84,26,2),
	(85,26,6),
	(83,26,8),
	(86,27,2),
	(87,27,5),
	(88,27,6),
	(90,28,2),
	(91,28,4),
	(89,28,8),
	(93,29,2),
	(94,29,3),
	(95,29,6),
	(92,29,8),
	(97,30,1),
	(98,30,5),
	(99,30,6),
	(96,30,8),
	(101,31,6),
	(102,31,7),
	(100,31,8),
	(103,32,2),
	(104,32,4),
	(105,32,5),
	(106,32,7),
	(107,33,4),
	(108,33,6),
	(109,34,2),
	(110,34,4),
	(112,35,1),
	(113,35,4),
	(111,35,8),
	(114,36,1),
	(115,36,2),
	(117,37,5),
	(118,37,6),
	(116,37,8),
	(119,38,2),
	(120,38,3),
	(121,39,3),
	(122,39,4),
	(123,39,6),
	(124,40,4),
	(125,40,6),
	(126,41,1),
	(127,41,7),
	(129,42,1),
	(130,42,2),
	(131,42,6),
	(128,42,8),
	(132,43,2),
	(133,43,4),
	(134,43,7),
	(135,44,2),
	(136,44,4),
	(137,44,6),
	(138,44,7),
	(139,45,3),
	(140,45,7),
	(142,46,2),
	(143,46,5),
	(144,46,7),
	(141,46,8),
	(145,47,4),
	(146,47,5),
	(147,47,7),
	(148,48,2),
	(149,48,4),
	(151,49,4),
	(150,49,8),
	(152,50,3),
	(153,50,6),
	(154,51,1),
	(155,51,3),
	(156,51,6),
	(157,51,7),
	(158,52,2),
	(159,52,5),
	(160,52,6),
	(161,53,5),
	(162,53,7),
	(164,54,3),
	(165,54,6),
	(166,54,7),
	(163,54,8),
	(167,55,3),
	(168,55,7),
	(169,56,4),
	(170,56,7),
	(171,57,2),
	(172,57,4),
	(173,57,5),
	(174,58,4),
	(175,58,7),
	(177,59,1),
	(178,59,4),
	(176,59,8),
	(179,60,3),
	(180,60,6),
	(181,60,7),
	(183,61,1),
	(184,61,5),
	(185,61,7),
	(182,61,8),
	(187,62,5),
	(188,62,7),
	(186,62,8),
	(189,63,1),
	(190,63,5),
	(192,64,2),
	(193,64,3),
	(194,64,5),
	(191,64,8),
	(195,65,1),
	(196,65,2),
	(197,65,5),
	(198,66,1),
	(199,66,3),
	(200,66,5),
	(201,66,7),
	(202,67,2),
	(203,67,5),
	(204,67,6),
	(205,68,2),
	(206,68,3),
	(207,68,5),
	(208,68,6),
	(209,69,5),
	(210,69,7),
	(211,70,1),
	(212,70,2),
	(213,70,7),
	(214,71,2),
	(215,71,3),
	(216,71,7),
	(218,72,2),
	(219,72,3),
	(220,72,7),
	(217,72,8),
	(221,73,1),
	(222,73,2),
	(223,73,6),
	(225,74,4),
	(226,74,5),
	(227,74,7),
	(224,74,8),
	(228,75,1),
	(229,75,4),
	(230,75,5),
	(231,76,2),
	(232,76,5),
	(233,77,2),
	(234,77,4),
	(235,77,5),
	(236,77,7),
	(238,78,3),
	(239,78,6),
	(237,78,8),
	(241,79,1),
	(242,79,2),
	(243,79,7),
	(240,79,8),
	(244,80,3),
	(245,80,4),
	(246,80,5),
	(248,81,5),
	(247,81,8),
	(250,82,1),
	(251,82,4),
	(252,82,7),
	(249,82,8),
	(253,83,5),
	(254,83,7),
	(255,84,2),
	(256,84,5),
	(257,84,6),
	(258,84,7),
	(259,85,1),
	(260,85,5),
	(261,86,1),
	(262,86,5),
	(264,87,6),
	(265,87,7),
	(263,87,8),
	(266,88,2),
	(267,88,3),
	(268,88,6),
	(270,89,2),
	(269,89,8),
	(272,90,1),
	(273,90,5),
	(274,90,6),
	(271,90,8),
	(275,91,5),
	(276,91,6),
	(277,92,1),
	(278,92,3),
	(279,92,4),
	(280,92,5),
	(281,93,1),
	(282,93,2),
	(283,93,6),
	(284,93,7),
	(285,94,1),
	(286,94,4),
	(287,94,5),
	(288,94,7),
	(290,95,4),
	(291,95,5),
	(292,95,6),
	(289,95,8),
	(293,96,5),
	(294,96,6),
	(295,97,3),
	(296,97,5),
	(297,97,6),
	(299,98,2),
	(300,98,6),
	(301,98,7),
	(298,98,8),
	(302,99,3),
	(303,99,4),
	(304,99,6),
	(306,100,1),
	(307,100,5),
	(308,100,6),
	(305,100,8),
	(309,101,1),
	(310,101,3),
	(311,101,4),
	(312,101,6);

/*!40000 ALTER TABLE `trips_trip_facilities` ENABLE KEYS */;
UNLOCK TABLES;


# Dump of table trips_trip_locations
# ------------------------------------------------------------

DROP TABLE IF EXISTS `trips_trip_locations`;

CREATE TABLE `trips_trip_locations` (
  `id` int(11) NOT NULL AUTO_INCREMENT,
  `trip_id` int(11) NOT NULL,
  `location_id` int(11) NOT NULL,
  PRIMARY KEY (`id`),
  UNIQUE KEY `trips_trip_locations_trip_id_location_id_41c05de9_uniq` (`trip_id`,`location_id`),
  KEY `trips_trip_locations_location_id_16e0e214_fk_trips_location_id` (`location_id`),
  CONSTRAINT `trips_trip_locations_location_id_16e0e214_fk_trips_location_id` FOREIGN KEY (`location_id`) REFERENCES `trips_location` (`id`),
  CONSTRAINT `trips_trip_locations_trip_id_9d8dd4a2_fk_trips_trip_id` FOREIGN KEY (`trip_id`) REFERENCES `trips_trip` (`id`)
) ENGINE=InnoDB DEFAULT CHARSET=utf8;

LOCK TABLES `trips_trip_locations` WRITE;
/*!40000 ALTER TABLE `trips_trip_locations` DISABLE KEYS */;

INSERT INTO `trips_trip_locations` (`id`, `trip_id`, `location_id`)
VALUES
	(1,1,3),
	(2,1,4),
	(3,2,1),
	(4,2,2),
	(5,2,4),
	(6,2,5),
	(7,2,6),
	(8,3,4),
	(9,3,5),
	(10,3,7),
	(11,3,8),
	(12,3,9),
	(13,3,10),
	(14,4,1),
	(16,4,6),
	(15,4,10),
	(17,5,1),
	(19,5,6),
	(20,5,7),
	(18,5,11),
	(21,6,1),
	(22,6,2),
	(23,6,5),
	(24,6,7),
	(25,6,8),
	(26,6,10),
	(27,7,2),
	(28,7,3),
	(29,7,5),
	(30,7,9),
	(31,7,10),
	(32,7,11),
	(34,8,1),
	(35,8,5),
	(33,8,8),
	(36,9,8),
	(37,9,10),
	(38,10,1),
	(39,10,2),
	(40,10,7),
	(41,10,8),
	(42,10,9),
	(43,10,11),
	(44,11,1),
	(45,11,4),
	(46,11,5),
	(47,11,6),
	(48,11,9),
	(49,11,10),
	(52,12,1),
	(50,12,9),
	(51,12,10),
	(53,13,3),
	(54,13,4),
	(55,13,5),
	(56,13,7),
	(60,14,1),
	(58,14,3),
	(59,14,4),
	(57,14,9),
	(62,15,2),
	(63,15,3),
	(64,15,5),
	(61,15,9),
	(65,16,8),
	(66,16,10),
	(67,17,2),
	(68,17,4),
	(69,18,1),
	(70,18,3),
	(71,18,4),
	(72,18,6),
	(73,18,11),
	(74,19,1),
	(75,19,2),
	(77,19,9),
	(76,19,11),
	(79,20,4),
	(80,20,6),
	(78,20,11),
	(81,21,1),
	(82,21,4),
	(83,21,8),
	(84,21,9),
	(85,21,11),
	(87,22,3),
	(88,22,6),
	(86,22,9),
	(89,23,2),
	(91,23,4),
	(92,23,7),
	(90,23,10),
	(93,24,1),
	(94,24,7),
	(95,24,8),
	(96,24,10),
	(97,24,11),
	(99,25,3),
	(98,25,9),
	(100,26,1),
	(102,26,6),
	(103,26,7),
	(101,26,10),
	(104,27,1),
	(105,27,3),
	(106,27,5),
	(107,27,6),
	(108,27,8),
	(111,28,4),
	(112,28,6),
	(109,28,9),
	(110,28,10),
	(115,29,2),
	(116,29,4),
	(114,29,10),
	(113,29,11),
	(117,30,1),
	(118,30,2),
	(119,30,11),
	(123,31,1),
	(120,31,8),
	(121,31,9),
	(122,31,11),
	(124,32,1),
	(125,32,2),
	(126,32,3),
	(127,32,6),
	(128,32,10),
	(129,32,11),
	(130,33,1),
	(131,33,3),
	(132,33,4),
	(133,33,5),
	(134,33,11),
	(136,34,3),
	(135,34,10),
	(138,35,1),
	(139,35,3),
	(140,35,9),
	(137,35,11),
	(142,36,2),
	(141,36,9),
	(143,37,1),
	(144,37,4),
	(145,37,6),
	(146,37,7),
	(147,37,8),
	(148,38,2),
	(150,38,5),
	(151,38,6),
	(149,38,11),
	(152,39,1),
	(153,39,3),
	(154,39,5),
	(155,39,8),
	(156,39,9),
	(157,39,11),
	(158,40,1),
	(159,40,4),
	(160,40,5),
	(161,40,6),
	(162,40,9),
	(163,40,11),
	(165,41,1),
	(164,41,8),
	(167,42,1),
	(168,42,2),
	(166,42,8),
	(169,43,2),
	(170,43,7),
	(171,44,2),
	(172,44,4),
	(173,44,6),
	(174,45,2),
	(175,45,3),
	(176,45,6),
	(177,46,1),
	(178,46,2),
	(179,46,4),
	(180,46,6),
	(181,46,10),
	(182,46,11),
	(184,47,5),
	(183,47,11),
	(185,48,1),
	(186,48,5),
	(187,48,6),
	(188,48,7),
	(189,48,10),
	(190,49,8),
	(191,49,9),
	(192,50,2),
	(193,50,4),
	(194,50,5),
	(195,50,6),
	(196,50,7),
	(197,50,11),
	(198,51,1),
	(200,51,6),
	(199,51,9),
	(201,52,2),
	(202,52,11),
	(203,53,1),
	(204,53,10),
	(205,53,11),
	(206,54,2),
	(207,54,3),
	(208,54,6),
	(209,54,8),
	(210,54,9),
	(211,54,10),
	(212,55,1),
	(213,55,4),
	(214,55,5),
	(215,55,7),
	(216,55,8),
	(217,55,11),
	(219,56,1),
	(220,56,2),
	(221,56,3),
	(218,56,8),
	(222,57,1),
	(223,57,6),
	(224,58,2),
	(225,58,4),
	(226,58,5),
	(227,58,6),
	(228,58,11),
	(231,59,2),
	(232,59,3),
	(229,59,8),
	(230,59,11),
	(233,60,2),
	(234,60,4),
	(235,60,5),
	(236,60,10),
	(237,60,11),
	(238,61,2),
	(239,61,3),
	(240,61,7),
	(241,61,8),
	(242,61,10),
	(243,61,11),
	(245,62,1),
	(246,62,3),
	(244,62,8),
	(247,63,3),
	(248,63,4),
	(249,63,5),
	(250,63,6),
	(251,63,9),
	(252,64,3),
	(253,64,5),
	(254,64,7),
	(255,64,8),
	(256,64,11),
	(257,65,2),
	(259,65,4),
	(260,65,5),
	(258,65,11),
	(262,66,6),
	(261,66,11),
	(263,67,1),
	(264,67,2),
	(265,67,3),
	(266,67,6),
	(267,67,7),
	(268,67,10),
	(270,68,2),
	(272,68,5),
	(269,68,10),
	(271,68,11),
	(273,69,2),
	(274,69,4),
	(276,70,1),
	(275,70,8),
	(277,71,2),
	(278,71,3),
	(279,71,4),
	(280,72,1),
	(281,72,2),
	(282,72,6),
	(283,72,8),
	(284,72,9),
	(285,72,10),
	(287,73,1),
	(286,73,9),
	(288,74,2),
	(289,74,5),
	(290,75,2),
	(291,75,3),
	(292,75,4),
	(293,75,10),
	(294,75,11),
	(297,76,3),
	(298,76,4),
	(296,76,8),
	(295,76,11),
	(300,77,1),
	(299,77,8),
	(302,78,1),
	(303,78,5),
	(304,78,6),
	(301,78,8),
	(305,79,2),
	(306,79,4),
	(307,79,7),
	(308,79,8),
	(309,79,9),
	(310,80,2),
	(311,80,4),
	(312,80,6),
	(313,80,7),
	(314,80,10),
	(315,81,3),
	(316,81,7),
	(317,81,8),
	(318,81,10),
	(319,81,11),
	(320,82,2),
	(321,82,11),
	(323,83,3),
	(324,83,4),
	(325,83,5),
	(322,83,9),
	(327,84,3),
	(326,84,9),
	(328,85,1),
	(329,85,2),
	(330,85,4),
	(331,85,5),
	(332,85,6),
	(333,85,10),
	(335,86,6),
	(334,86,9),
	(336,87,3),
	(337,87,4),
	(338,87,6),
	(339,88,1),
	(340,88,2),
	(341,89,3),
	(342,89,4),
	(343,89,7),
	(346,90,1),
	(345,90,3),
	(344,90,9),
	(347,91,4),
	(348,91,6),
	(349,92,2),
	(350,92,5),
	(351,92,6),
	(352,92,8),
	(353,92,9),
	(354,92,11),
	(356,93,3),
	(357,93,6),
	(355,93,8),
	(358,94,1),
	(359,94,4),
	(360,94,5),
	(361,94,10),
	(362,94,11),
	(363,95,1),
	(364,95,3),
	(365,95,5),
	(366,95,6),
	(367,95,9),
	(368,95,10),
	(369,96,1),
	(370,96,5),
	(371,96,6),
	(372,96,7),
	(373,96,10),
	(374,96,11),
	(375,97,3),
	(376,97,5),
	(377,97,7),
	(378,97,8),
	(379,97,9),
	(380,97,11),
	(383,98,3),
	(384,98,5),
	(381,98,8),
	(382,98,9),
	(385,99,1),
	(386,99,5),
	(387,99,8),
	(388,99,10),
	(389,99,11),
	(392,100,4),
	(393,100,6),
	(390,100,8),
	(391,100,9),
	(394,101,1),
	(395,101,2),
	(396,101,3),
	(397,101,5);

/*!40000 ALTER TABLE `trips_trip_locations` ENABLE KEYS */;
UNLOCK TABLES;


# Dump of table trips_tripbooking
# ------------------------------------------------------------

DROP TABLE IF EXISTS `trips_tripbooking`;

CREATE TABLE `trips_tripbooking` (
  `id` int(11) NOT NULL AUTO_INCREMENT,
  `name` varchar(60) NOT NULL,
  `phone_number` varchar(30) NOT NULL,
  `cnic_number` varchar(30) NOT NULL,
  `email` varchar(254) NOT NULL,
  `message` longtext NOT NULL,
  `schedule_id` int(11) NOT NULL,
  PRIMARY KEY (`id`),
  KEY `trips_tripbooking_schedule_id_6166eb6c_fk_trips_tripschedule_id` (`schedule_id`),
  CONSTRAINT `trips_tripbooking_schedule_id_6166eb6c_fk_trips_tripschedule_id` FOREIGN KEY (`schedule_id`) REFERENCES `trips_tripschedule` (`id`)
) ENGINE=InnoDB DEFAULT CHARSET=utf8;



# Dump of table trips_tripitinerary
# ------------------------------------------------------------

DROP TABLE IF EXISTS `trips_tripitinerary`;

CREATE TABLE `trips_tripitinerary` (
  `id` int(11) NOT NULL AUTO_INCREMENT,
  `day` smallint(6) NOT NULL,
  `heading` varchar(150) DEFAULT NULL,
  `description` longtext NOT NULL,
  `trip_id` int(11) NOT NULL,
  PRIMARY KEY (`id`),
  UNIQUE KEY `trips_tripitinerary_trip_id_day_60196725_uniq` (`trip_id`,`day`),
  CONSTRAINT `trips_tripitinerary_trip_id_58e6e2ae_fk_trips_trip_id` FOREIGN KEY (`trip_id`) REFERENCES `trips_trip` (`id`)
) ENGINE=InnoDB DEFAULT CHARSET=utf8;

LOCK TABLES `trips_tripitinerary` WRITE;
/*!40000 ALTER TABLE `trips_tripitinerary` DISABLE KEYS */;

INSERT INTO `trips_tripitinerary` (`id`, `day`, `heading`, `description`, `trip_id`)
VALUES
	(1,1,NULL,'Itinerary for Day: 1',1),
	(2,2,NULL,'Itinerary for Day: 2',1),
	(3,3,NULL,'Itinerary for Day: 3',1),
	(4,1,NULL,'Itinerary for Day: 1',2),
	(5,2,NULL,'Itinerary for Day: 2',2),
	(6,3,NULL,'Itinerary for Day: 3',2),
	(7,4,NULL,'Itinerary for Day: 4',2),
	(8,1,NULL,'Itinerary for Day: 1',3),
	(9,2,NULL,'Itinerary for Day: 2',3),
	(10,3,NULL,'Itinerary for Day: 3',3),
	(11,4,NULL,'Itinerary for Day: 4',3),
	(12,5,NULL,'Itinerary for Day: 5',3),
	(13,1,NULL,'Itinerary for Day: 1',4),
	(14,2,NULL,'Itinerary for Day: 2',4),
	(15,3,NULL,'Itinerary for Day: 3',4),
	(16,4,NULL,'Itinerary for Day: 4',4),
	(17,5,NULL,'Itinerary for Day: 5',4),
	(18,1,NULL,'Itinerary for Day: 1',5),
	(19,2,NULL,'Itinerary for Day: 2',5),
	(20,3,NULL,'Itinerary for Day: 3',5),
	(21,4,NULL,'Itinerary for Day: 4',5),
	(22,5,NULL,'Itinerary for Day: 5',5),
	(23,1,NULL,'Itinerary for Day: 1',6),
	(24,2,NULL,'Itinerary for Day: 2',6),
	(25,3,NULL,'Itinerary for Day: 3',6),
	(26,4,NULL,'Itinerary for Day: 4',6),
	(27,1,NULL,'Itinerary for Day: 1',7),
	(28,2,NULL,'Itinerary for Day: 2',7),
	(29,3,NULL,'Itinerary for Day: 3',7),
	(30,4,NULL,'Itinerary for Day: 4',7),
	(31,1,NULL,'Itinerary for Day: 1',8),
	(32,2,NULL,'Itinerary for Day: 2',8),
	(33,3,NULL,'Itinerary for Day: 3',8),
	(34,4,NULL,'Itinerary for Day: 4',8),
	(35,5,NULL,'Itinerary for Day: 5',8),
	(36,1,NULL,'Itinerary for Day: 1',9),
	(37,2,NULL,'Itinerary for Day: 2',9),
	(38,3,NULL,'Itinerary for Day: 3',9),
	(39,4,NULL,'Itinerary for Day: 4',9),
	(40,1,NULL,'Itinerary for Day: 1',10),
	(41,2,NULL,'Itinerary for Day: 2',10),
	(42,3,NULL,'Itinerary for Day: 3',10),
	(43,1,NULL,'Itinerary for Day: 1',11),
	(44,2,NULL,'Itinerary for Day: 2',11),
	(45,3,NULL,'Itinerary for Day: 3',11),
	(46,4,NULL,'Itinerary for Day: 4',11),
	(47,1,NULL,'Itinerary for Day: 1',12),
	(48,2,NULL,'Itinerary for Day: 2',12),
	(49,3,NULL,'Itinerary for Day: 3',12),
	(50,4,NULL,'Itinerary for Day: 4',12),
	(51,5,NULL,'Itinerary for Day: 5',12),
	(52,1,NULL,'Itinerary for Day: 1',13),
	(53,2,NULL,'Itinerary for Day: 2',13),
	(54,3,NULL,'Itinerary for Day: 3',13),
	(55,1,NULL,'Itinerary for Day: 1',14),
	(56,2,NULL,'Itinerary for Day: 2',14),
	(57,3,NULL,'Itinerary for Day: 3',14),
	(58,1,NULL,'Itinerary for Day: 1',15),
	(59,2,NULL,'Itinerary for Day: 2',15),
	(60,3,NULL,'Itinerary for Day: 3',15),
	(61,4,NULL,'Itinerary for Day: 4',15),
	(62,1,NULL,'Itinerary for Day: 1',16),
	(63,2,NULL,'Itinerary for Day: 2',16),
	(64,3,NULL,'Itinerary for Day: 3',16),
	(65,4,NULL,'Itinerary for Day: 4',16),
	(66,1,NULL,'Itinerary for Day: 1',17),
	(67,2,NULL,'Itinerary for Day: 2',17),
	(68,3,NULL,'Itinerary for Day: 3',17),
	(69,4,NULL,'Itinerary for Day: 4',17),
	(70,5,NULL,'Itinerary for Day: 5',17),
	(71,1,NULL,'Itinerary for Day: 1',18),
	(72,2,NULL,'Itinerary for Day: 2',18),
	(73,3,NULL,'Itinerary for Day: 3',18),
	(74,4,NULL,'Itinerary for Day: 4',18),
	(75,5,NULL,'Itinerary for Day: 5',18),
	(76,1,NULL,'Itinerary for Day: 1',19),
	(77,2,NULL,'Itinerary for Day: 2',19),
	(78,3,NULL,'Itinerary for Day: 3',19),
	(79,4,NULL,'Itinerary for Day: 4',19),
	(80,1,NULL,'Itinerary for Day: 1',20),
	(81,2,NULL,'Itinerary for Day: 2',20),
	(82,3,NULL,'Itinerary for Day: 3',20),
	(83,4,NULL,'Itinerary for Day: 4',20),
	(84,1,NULL,'Itinerary for Day: 1',21),
	(85,2,NULL,'Itinerary for Day: 2',21),
	(86,3,NULL,'Itinerary for Day: 3',21),
	(87,4,NULL,'Itinerary for Day: 4',21),
	(88,1,NULL,'Itinerary for Day: 1',22),
	(89,2,NULL,'Itinerary for Day: 2',22),
	(90,3,NULL,'Itinerary for Day: 3',22),
	(91,1,NULL,'Itinerary for Day: 1',23),
	(92,2,NULL,'Itinerary for Day: 2',23),
	(93,3,NULL,'Itinerary for Day: 3',23),
	(94,4,NULL,'Itinerary for Day: 4',23),
	(95,5,NULL,'Itinerary for Day: 5',23),
	(96,1,NULL,'Itinerary for Day: 1',24),
	(97,2,NULL,'Itinerary for Day: 2',24),
	(98,3,NULL,'Itinerary for Day: 3',24),
	(99,1,NULL,'Itinerary for Day: 1',25),
	(100,2,NULL,'Itinerary for Day: 2',25),
	(101,3,NULL,'Itinerary for Day: 3',25),
	(102,1,NULL,'Itinerary for Day: 1',26),
	(103,2,NULL,'Itinerary for Day: 2',26),
	(104,3,NULL,'Itinerary for Day: 3',26),
	(105,1,NULL,'Itinerary for Day: 1',27),
	(106,2,NULL,'Itinerary for Day: 2',27),
	(107,3,NULL,'Itinerary for Day: 3',27),
	(108,1,NULL,'Itinerary for Day: 1',28),
	(109,2,NULL,'Itinerary for Day: 2',28),
	(110,3,NULL,'Itinerary for Day: 3',28),
	(111,4,NULL,'Itinerary for Day: 4',28),
	(112,1,NULL,'Itinerary for Day: 1',29),
	(113,2,NULL,'Itinerary for Day: 2',29),
	(114,3,NULL,'Itinerary for Day: 3',29),
	(115,4,NULL,'Itinerary for Day: 4',29),
	(116,5,NULL,'Itinerary for Day: 5',29),
	(117,1,NULL,'Itinerary for Day: 1',30),
	(118,2,NULL,'Itinerary for Day: 2',30),
	(119,3,NULL,'Itinerary for Day: 3',30),
	(120,1,NULL,'Itinerary for Day: 1',31),
	(121,2,NULL,'Itinerary for Day: 2',31),
	(122,3,NULL,'Itinerary for Day: 3',31),
	(123,4,NULL,'Itinerary for Day: 4',31),
	(124,5,NULL,'Itinerary for Day: 5',31),
	(125,1,NULL,'Itinerary for Day: 1',32),
	(126,2,NULL,'Itinerary for Day: 2',32),
	(127,3,NULL,'Itinerary for Day: 3',32),
	(128,4,NULL,'Itinerary for Day: 4',32),
	(129,5,NULL,'Itinerary for Day: 5',32),
	(130,1,NULL,'Itinerary for Day: 1',33),
	(131,2,NULL,'Itinerary for Day: 2',33),
	(132,3,NULL,'Itinerary for Day: 3',33),
	(133,1,NULL,'Itinerary for Day: 1',34),
	(134,2,NULL,'Itinerary for Day: 2',34),
	(135,3,NULL,'Itinerary for Day: 3',34),
	(136,4,NULL,'Itinerary for Day: 4',34),
	(137,1,NULL,'Itinerary for Day: 1',35),
	(138,2,NULL,'Itinerary for Day: 2',35),
	(139,3,NULL,'Itinerary for Day: 3',35),
	(140,4,NULL,'Itinerary for Day: 4',35),
	(141,1,NULL,'Itinerary for Day: 1',36),
	(142,2,NULL,'Itinerary for Day: 2',36),
	(143,3,NULL,'Itinerary for Day: 3',36),
	(144,4,NULL,'Itinerary for Day: 4',36),
	(145,1,NULL,'Itinerary for Day: 1',37),
	(146,2,NULL,'Itinerary for Day: 2',37),
	(147,3,NULL,'Itinerary for Day: 3',37),
	(148,4,NULL,'Itinerary for Day: 4',37),
	(149,1,NULL,'Itinerary for Day: 1',38),
	(150,2,NULL,'Itinerary for Day: 2',38),
	(151,3,NULL,'Itinerary for Day: 3',38),
	(152,1,NULL,'Itinerary for Day: 1',39),
	(153,2,NULL,'Itinerary for Day: 2',39),
	(154,3,NULL,'Itinerary for Day: 3',39),
	(155,1,NULL,'Itinerary for Day: 1',40),
	(156,2,NULL,'Itinerary for Day: 2',40),
	(157,3,NULL,'Itinerary for Day: 3',40),
	(158,4,NULL,'Itinerary for Day: 4',40),
	(159,5,NULL,'Itinerary for Day: 5',40),
	(160,1,NULL,'Itinerary for Day: 1',41),
	(161,2,NULL,'Itinerary for Day: 2',41),
	(162,3,NULL,'Itinerary for Day: 3',41),
	(163,4,NULL,'Itinerary for Day: 4',41),
	(164,1,NULL,'Itinerary for Day: 1',42),
	(165,2,NULL,'Itinerary for Day: 2',42),
	(166,3,NULL,'Itinerary for Day: 3',42),
	(167,1,NULL,'Itinerary for Day: 1',43),
	(168,2,NULL,'Itinerary for Day: 2',43),
	(169,3,NULL,'Itinerary for Day: 3',43),
	(170,1,NULL,'Itinerary for Day: 1',44),
	(171,2,NULL,'Itinerary for Day: 2',44),
	(172,3,NULL,'Itinerary for Day: 3',44),
	(173,4,NULL,'Itinerary for Day: 4',44),
	(174,5,NULL,'Itinerary for Day: 5',44),
	(175,1,NULL,'Itinerary for Day: 1',45),
	(176,2,NULL,'Itinerary for Day: 2',45),
	(177,3,NULL,'Itinerary for Day: 3',45),
	(178,4,NULL,'Itinerary for Day: 4',45),
	(179,5,NULL,'Itinerary for Day: 5',45),
	(180,1,NULL,'Itinerary for Day: 1',46),
	(181,2,NULL,'Itinerary for Day: 2',46),
	(182,3,NULL,'Itinerary for Day: 3',46),
	(183,4,NULL,'Itinerary for Day: 4',46),
	(184,5,NULL,'Itinerary for Day: 5',46),
	(185,1,NULL,'Itinerary for Day: 1',47),
	(186,2,NULL,'Itinerary for Day: 2',47),
	(187,3,NULL,'Itinerary for Day: 3',47),
	(188,4,NULL,'Itinerary for Day: 4',47),
	(189,5,NULL,'Itinerary for Day: 5',47),
	(190,1,NULL,'Itinerary for Day: 1',48),
	(191,2,NULL,'Itinerary for Day: 2',48),
	(192,3,NULL,'Itinerary for Day: 3',48),
	(193,4,NULL,'Itinerary for Day: 4',48),
	(194,5,NULL,'Itinerary for Day: 5',48),
	(195,1,NULL,'Itinerary for Day: 1',49),
	(196,2,NULL,'Itinerary for Day: 2',49),
	(197,3,NULL,'Itinerary for Day: 3',49),
	(198,4,NULL,'Itinerary for Day: 4',49),
	(199,1,NULL,'Itinerary for Day: 1',50),
	(200,2,NULL,'Itinerary for Day: 2',50),
	(201,3,NULL,'Itinerary for Day: 3',50),
	(202,4,NULL,'Itinerary for Day: 4',50),
	(203,1,NULL,'Itinerary for Day: 1',51),
	(204,2,NULL,'Itinerary for Day: 2',51),
	(205,3,NULL,'Itinerary for Day: 3',51),
	(206,4,NULL,'Itinerary for Day: 4',51),
	(207,1,NULL,'Itinerary for Day: 1',52),
	(208,2,NULL,'Itinerary for Day: 2',52),
	(209,3,NULL,'Itinerary for Day: 3',52),
	(210,4,NULL,'Itinerary for Day: 4',52),
	(211,1,NULL,'Itinerary for Day: 1',53),
	(212,2,NULL,'Itinerary for Day: 2',53),
	(213,3,NULL,'Itinerary for Day: 3',53),
	(214,4,NULL,'Itinerary for Day: 4',53),
	(215,1,NULL,'Itinerary for Day: 1',54),
	(216,2,NULL,'Itinerary for Day: 2',54),
	(217,3,NULL,'Itinerary for Day: 3',54),
	(218,1,NULL,'Itinerary for Day: 1',55),
	(219,2,NULL,'Itinerary for Day: 2',55),
	(220,3,NULL,'Itinerary for Day: 3',55),
	(221,4,NULL,'Itinerary for Day: 4',55),
	(222,1,NULL,'Itinerary for Day: 1',56),
	(223,2,NULL,'Itinerary for Day: 2',56),
	(224,3,NULL,'Itinerary for Day: 3',56),
	(225,4,NULL,'Itinerary for Day: 4',56),
	(226,1,NULL,'Itinerary for Day: 1',57),
	(227,2,NULL,'Itinerary for Day: 2',57),
	(228,3,NULL,'Itinerary for Day: 3',57),
	(229,1,NULL,'Itinerary for Day: 1',58),
	(230,2,NULL,'Itinerary for Day: 2',58),
	(231,3,NULL,'Itinerary for Day: 3',58),
	(232,4,NULL,'Itinerary for Day: 4',58),
	(233,1,NULL,'Itinerary for Day: 1',59),
	(234,2,NULL,'Itinerary for Day: 2',59),
	(235,3,NULL,'Itinerary for Day: 3',59),
	(236,1,NULL,'Itinerary for Day: 1',60),
	(237,2,NULL,'Itinerary for Day: 2',60),
	(238,3,NULL,'Itinerary for Day: 3',60),
	(239,4,NULL,'Itinerary for Day: 4',60),
	(240,1,NULL,'Itinerary for Day: 1',61),
	(241,2,NULL,'Itinerary for Day: 2',61),
	(242,3,NULL,'Itinerary for Day: 3',61),
	(243,1,NULL,'Itinerary for Day: 1',62),
	(244,2,NULL,'Itinerary for Day: 2',62),
	(245,3,NULL,'Itinerary for Day: 3',62),
	(246,4,NULL,'Itinerary for Day: 4',62),
	(247,1,NULL,'Itinerary for Day: 1',63),
	(248,2,NULL,'Itinerary for Day: 2',63),
	(249,3,NULL,'Itinerary for Day: 3',63),
	(250,1,NULL,'Itinerary for Day: 1',64),
	(251,2,NULL,'Itinerary for Day: 2',64),
	(252,3,NULL,'Itinerary for Day: 3',64),
	(253,4,NULL,'Itinerary for Day: 4',64),
	(254,5,NULL,'Itinerary for Day: 5',64),
	(255,1,NULL,'Itinerary for Day: 1',65),
	(256,2,NULL,'Itinerary for Day: 2',65),
	(257,3,NULL,'Itinerary for Day: 3',65),
	(258,4,NULL,'Itinerary for Day: 4',65),
	(259,5,NULL,'Itinerary for Day: 5',65),
	(260,1,NULL,'Itinerary for Day: 1',66),
	(261,2,NULL,'Itinerary for Day: 2',66),
	(262,3,NULL,'Itinerary for Day: 3',66),
	(263,4,NULL,'Itinerary for Day: 4',66),
	(264,1,NULL,'Itinerary for Day: 1',67),
	(265,2,NULL,'Itinerary for Day: 2',67),
	(266,3,NULL,'Itinerary for Day: 3',67),
	(267,1,NULL,'Itinerary for Day: 1',68),
	(268,2,NULL,'Itinerary for Day: 2',68),
	(269,3,NULL,'Itinerary for Day: 3',68),
	(270,4,NULL,'Itinerary for Day: 4',68),
	(271,5,NULL,'Itinerary for Day: 5',68),
	(272,1,NULL,'Itinerary for Day: 1',69),
	(273,2,NULL,'Itinerary for Day: 2',69),
	(274,3,NULL,'Itinerary for Day: 3',69),
	(275,4,NULL,'Itinerary for Day: 4',69),
	(276,1,NULL,'Itinerary for Day: 1',70),
	(277,2,NULL,'Itinerary for Day: 2',70),
	(278,3,NULL,'Itinerary for Day: 3',70),
	(279,4,NULL,'Itinerary for Day: 4',70),
	(280,5,NULL,'Itinerary for Day: 5',70),
	(281,1,NULL,'Itinerary for Day: 1',71),
	(282,2,NULL,'Itinerary for Day: 2',71),
	(283,3,NULL,'Itinerary for Day: 3',71),
	(284,4,NULL,'Itinerary for Day: 4',71),
	(285,1,NULL,'Itinerary for Day: 1',72),
	(286,2,NULL,'Itinerary for Day: 2',72),
	(287,3,NULL,'Itinerary for Day: 3',72),
	(288,4,NULL,'Itinerary for Day: 4',72),
	(289,1,NULL,'Itinerary for Day: 1',73),
	(290,2,NULL,'Itinerary for Day: 2',73),
	(291,3,NULL,'Itinerary for Day: 3',73),
	(292,4,NULL,'Itinerary for Day: 4',73),
	(293,5,NULL,'Itinerary for Day: 5',73),
	(294,1,NULL,'Itinerary for Day: 1',74),
	(295,2,NULL,'Itinerary for Day: 2',74),
	(296,3,NULL,'Itinerary for Day: 3',74),
	(297,4,NULL,'Itinerary for Day: 4',74),
	(298,5,NULL,'Itinerary for Day: 5',74),
	(299,1,NULL,'Itinerary for Day: 1',75),
	(300,2,NULL,'Itinerary for Day: 2',75),
	(301,3,NULL,'Itinerary for Day: 3',75),
	(302,4,NULL,'Itinerary for Day: 4',75),
	(303,5,NULL,'Itinerary for Day: 5',75),
	(304,1,NULL,'Itinerary for Day: 1',76),
	(305,2,NULL,'Itinerary for Day: 2',76),
	(306,3,NULL,'Itinerary for Day: 3',76),
	(307,4,NULL,'Itinerary for Day: 4',76),
	(308,5,NULL,'Itinerary for Day: 5',76),
	(309,1,NULL,'Itinerary for Day: 1',77),
	(310,2,NULL,'Itinerary for Day: 2',77),
	(311,3,NULL,'Itinerary for Day: 3',77),
	(312,4,NULL,'Itinerary for Day: 4',77),
	(313,1,NULL,'Itinerary for Day: 1',78),
	(314,2,NULL,'Itinerary for Day: 2',78),
	(315,3,NULL,'Itinerary for Day: 3',78),
	(316,4,NULL,'Itinerary for Day: 4',78),
	(317,1,NULL,'Itinerary for Day: 1',79),
	(318,2,NULL,'Itinerary for Day: 2',79),
	(319,3,NULL,'Itinerary for Day: 3',79),
	(320,4,NULL,'Itinerary for Day: 4',79),
	(321,5,NULL,'Itinerary for Day: 5',79),
	(322,1,NULL,'Itinerary for Day: 1',80),
	(323,2,NULL,'Itinerary for Day: 2',80),
	(324,3,NULL,'Itinerary for Day: 3',80),
	(325,4,NULL,'Itinerary for Day: 4',80),
	(326,1,NULL,'Itinerary for Day: 1',81),
	(327,2,NULL,'Itinerary for Day: 2',81),
	(328,3,NULL,'Itinerary for Day: 3',81),
	(329,4,NULL,'Itinerary for Day: 4',81),
	(330,5,NULL,'Itinerary for Day: 5',81),
	(331,1,NULL,'Itinerary for Day: 1',82),
	(332,2,NULL,'Itinerary for Day: 2',82),
	(333,3,NULL,'Itinerary for Day: 3',82),
	(334,1,NULL,'Itinerary for Day: 1',83),
	(335,2,NULL,'Itinerary for Day: 2',83),
	(336,3,NULL,'Itinerary for Day: 3',83),
	(337,4,NULL,'Itinerary for Day: 4',83),
	(338,1,NULL,'Itinerary for Day: 1',84),
	(339,2,NULL,'Itinerary for Day: 2',84),
	(340,3,NULL,'Itinerary for Day: 3',84),
	(341,1,NULL,'Itinerary for Day: 1',85),
	(342,2,NULL,'Itinerary for Day: 2',85),
	(343,3,NULL,'Itinerary for Day: 3',85),
	(344,1,NULL,'Itinerary for Day: 1',86),
	(345,2,NULL,'Itinerary for Day: 2',86),
	(346,3,NULL,'Itinerary for Day: 3',86),
	(347,1,NULL,'Itinerary for Day: 1',87),
	(348,2,NULL,'Itinerary for Day: 2',87),
	(349,3,NULL,'Itinerary for Day: 3',87),
	(350,4,NULL,'Itinerary for Day: 4',87),
	(351,1,NULL,'Itinerary for Day: 1',88),
	(352,2,NULL,'Itinerary for Day: 2',88),
	(353,3,NULL,'Itinerary for Day: 3',88),
	(354,1,NULL,'Itinerary for Day: 1',89),
	(355,2,NULL,'Itinerary for Day: 2',89),
	(356,3,NULL,'Itinerary for Day: 3',89),
	(357,1,NULL,'Itinerary for Day: 1',90),
	(358,2,NULL,'Itinerary for Day: 2',90),
	(359,3,NULL,'Itinerary for Day: 3',90),
	(360,4,NULL,'Itinerary for Day: 4',90),
	(361,5,NULL,'Itinerary for Day: 5',90),
	(362,1,NULL,'Itinerary for Day: 1',91),
	(363,2,NULL,'Itinerary for Day: 2',91),
	(364,3,NULL,'Itinerary for Day: 3',91),
	(365,4,NULL,'Itinerary for Day: 4',91),
	(366,5,NULL,'Itinerary for Day: 5',91),
	(367,1,NULL,'Itinerary for Day: 1',92),
	(368,2,NULL,'Itinerary for Day: 2',92),
	(369,3,NULL,'Itinerary for Day: 3',92),
	(370,4,NULL,'Itinerary for Day: 4',92),
	(371,1,NULL,'Itinerary for Day: 1',93),
	(372,2,NULL,'Itinerary for Day: 2',93),
	(373,3,NULL,'Itinerary for Day: 3',93),
	(374,4,NULL,'Itinerary for Day: 4',93),
	(375,1,NULL,'Itinerary for Day: 1',94),
	(376,2,NULL,'Itinerary for Day: 2',94),
	(377,3,NULL,'Itinerary for Day: 3',94),
	(378,1,NULL,'Itinerary for Day: 1',95),
	(379,2,NULL,'Itinerary for Day: 2',95),
	(380,3,NULL,'Itinerary for Day: 3',95),
	(381,4,NULL,'Itinerary for Day: 4',95),
	(382,5,NULL,'Itinerary for Day: 5',95),
	(383,1,NULL,'Itinerary for Day: 1',96),
	(384,2,NULL,'Itinerary for Day: 2',96),
	(385,3,NULL,'Itinerary for Day: 3',96),
	(386,4,NULL,'Itinerary for Day: 4',96),
	(387,5,NULL,'Itinerary for Day: 5',96),
	(388,1,NULL,'Itinerary for Day: 1',97),
	(389,2,NULL,'Itinerary for Day: 2',97),
	(390,3,NULL,'Itinerary for Day: 3',97),
	(391,1,NULL,'Itinerary for Day: 1',98),
	(392,2,NULL,'Itinerary for Day: 2',98),
	(393,3,NULL,'Itinerary for Day: 3',98),
	(394,1,NULL,'Itinerary for Day: 1',99),
	(395,2,NULL,'Itinerary for Day: 2',99),
	(396,3,NULL,'Itinerary for Day: 3',99),
	(397,1,NULL,'Itinerary for Day: 1',100),
	(398,2,NULL,'Itinerary for Day: 2',100),
	(399,3,NULL,'Itinerary for Day: 3',100),
	(400,4,NULL,'Itinerary for Day: 4',100),
	(401,1,NULL,'Itinerary for Day: 1',101),
	(402,2,NULL,'Itinerary for Day: 2',101),
	(403,3,NULL,'Itinerary for Day: 3',101),
	(404,4,NULL,'Itinerary for Day: 4',101),
	(405,5,NULL,'Itinerary for Day: 5',101);

/*!40000 ALTER TABLE `trips_tripitinerary` ENABLE KEYS */;
UNLOCK TABLES;


# Dump of table trips_trippickuplocation
# ------------------------------------------------------------

DROP TABLE IF EXISTS `trips_trippickuplocation`;

CREATE TABLE `trips_trippickuplocation` (
  `id` int(11) NOT NULL AUTO_INCREMENT,
  `additional_price` smallint(6) NOT NULL,
  `location_id` int(11) NOT NULL,
  `trip_id` int(11) NOT NULL,
  PRIMARY KEY (`id`),
  KEY `trips_trippickuploca_location_id_2e45c289_fk_trips_loc` (`location_id`),
  KEY `trips_trippickuploca_trip_id_d598cc0d_fk_trips_tri` (`trip_id`),
  CONSTRAINT `trips_trippickuploca_location_id_2e45c289_fk_trips_loc` FOREIGN KEY (`location_id`) REFERENCES `trips_location` (`id`),
  CONSTRAINT `trips_trippickuploca_trip_id_d598cc0d_fk_trips_tri` FOREIGN KEY (`trip_id`) REFERENCES `trips_tripschedule` (`id`)
) ENGINE=InnoDB DEFAULT CHARSET=utf8;



# Dump of table trips_tripreview
# ------------------------------------------------------------

DROP TABLE IF EXISTS `trips_tripreview`;

CREATE TABLE `trips_tripreview` (
  `id` int(11) NOT NULL AUTO_INCREMENT,
  `meals` smallint(6) NOT NULL,
  `accommodation` smallint(6) NOT NULL,
  `transport` smallint(6) NOT NULL,
  `value_for_money` smallint(6) NOT NULL,
  `overall` smallint(6) NOT NULL,
  `comment` longtext NOT NULL,
  `name` varchar(50) NOT NULL,
  `email` varchar(254) NOT NULL,
  `is_verified` tinyint(1) NOT NULL,
  `created_at` datetime(6) NOT NULL,
  `updated_at` datetime(6) NOT NULL,
  `trip_id` int(11) NOT NULL,
  PRIMARY KEY (`id`),
  KEY `trips_tripreview_trip_id_03980586_fk_trips_trip_id` (`trip_id`),
  CONSTRAINT `trips_tripreview_trip_id_03980586_fk_trips_trip_id` FOREIGN KEY (`trip_id`) REFERENCES `trips_trip` (`id`)
) ENGINE=InnoDB DEFAULT CHARSET=utf8;



# Dump of table trips_tripreviewsummary
# ------------------------------------------------------------

DROP TABLE IF EXISTS `trips_tripreviewsummary`;

CREATE TABLE `trips_tripreviewsummary` (
  `id` int(11) NOT NULL AUTO_INCREMENT,
  `meals` double NOT NULL,
  `accommodation` double NOT NULL,
  `transport` double NOT NULL,
  `value_for_money` double NOT NULL,
  `overall` double NOT NULL,
  `created_at` datetime(6) NOT NULL,
  `updated_at` datetime(6) NOT NULL,
  `trip_id` int(11) NOT NULL,
  PRIMARY KEY (`id`),
  KEY `trips_tripreviewsummary_trip_id_d77fe7bf_fk_trips_trip_id` (`trip_id`),
  CONSTRAINT `trips_tripreviewsummary_trip_id_d77fe7bf_fk_trips_trip_id` FOREIGN KEY (`trip_id`) REFERENCES `trips_trip` (`id`)
) ENGINE=InnoDB DEFAULT CHARSET=utf8;



# Dump of table trips_tripschedule
# ------------------------------------------------------------

DROP TABLE IF EXISTS `trips_tripschedule`;

CREATE TABLE `trips_tripschedule` (
  `id` int(11) NOT NULL AUTO_INCREMENT,
  `price` smallint(6) NOT NULL,
  `date_from` datetime(6) NOT NULL,
  `trip_id` int(11) NOT NULL,
  PRIMARY KEY (`id`),
  KEY `trips_tripschedule_trip_id_9231c73e_fk_trips_trip_id` (`trip_id`),
  CONSTRAINT `trips_tripschedule_trip_id_9231c73e_fk_trips_trip_id` FOREIGN KEY (`trip_id`) REFERENCES `trips_trip` (`id`)
) ENGINE=InnoDB DEFAULT CHARSET=utf8;

LOCK TABLES `trips_tripschedule` WRITE;
/*!40000 ALTER TABLE `trips_tripschedule` DISABLE KEYS */;

INSERT INTO `trips_tripschedule` (`id`, `price`, `date_from`, `trip_id`)
VALUES
	(1,0,'2020-10-02 11:53:01.340555',1),
	(2,0,'2020-10-09 11:53:01.340579',1),
	(3,0,'2020-10-04 11:53:33.147284',2),
	(4,0,'2020-10-11 11:53:33.147326',2),
	(5,0,'2020-10-18 11:53:33.147353',2),
	(6,0,'2020-10-25 11:53:33.147379',2),
	(7,0,'2020-09-30 11:53:33.377175',3),
	(8,0,'2020-10-07 11:53:33.377199',3),
	(9,0,'2020-10-14 11:53:33.377214',3),
	(10,0,'2020-09-30 11:53:33.495972',4),
	(11,0,'2020-10-07 11:53:33.496022',4),
	(12,0,'2020-10-14 11:53:33.496052',4),
	(13,0,'2020-10-21 11:53:33.496080',4),
	(14,0,'2020-10-02 11:53:33.625208',5),
	(15,0,'2020-10-09 11:53:33.625230',5),
	(16,0,'2020-10-04 11:53:33.727880',6),
	(17,0,'2020-10-11 11:53:33.727911',6),
	(18,0,'2020-10-18 11:53:33.727924',6),
	(19,0,'2020-10-25 11:53:33.727937',6),
	(20,0,'2020-09-30 11:53:33.849363',7),
	(21,0,'2020-10-07 11:53:33.849386',7),
	(22,0,'2020-10-14 11:53:33.849399',7),
	(23,0,'2020-10-02 11:53:33.931128',8),
	(24,0,'2020-10-09 11:53:33.931161',8),
	(25,0,'2020-10-04 11:53:34.029277',9),
	(26,0,'2020-10-11 11:53:34.029315',9),
	(27,0,'2020-10-01 11:53:34.110999',10),
	(28,0,'2020-10-08 11:53:34.111024',10),
	(29,0,'2020-10-15 11:53:34.111039',10),
	(30,0,'2020-10-01 11:53:34.175272',11),
	(31,0,'2020-10-08 11:53:34.175302',11),
	(32,0,'2020-10-15 11:53:34.175318',11),
	(33,0,'2020-10-22 11:53:34.175334',11),
	(34,0,'2020-10-01 11:53:34.275760',12),
	(35,0,'2020-10-08 11:53:34.275783',12),
	(36,0,'2020-10-15 11:53:34.275797',12),
	(37,0,'2020-10-22 11:53:34.275810',12),
	(38,0,'2020-10-04 11:53:34.400613',13),
	(39,0,'2020-10-11 11:53:34.400635',13),
	(40,0,'2020-10-01 11:53:34.488404',14),
	(41,0,'2020-10-08 11:53:34.488430',14),
	(42,0,'2020-10-15 11:53:34.488445',14),
	(43,0,'2020-10-22 11:53:34.488459',14),
	(44,0,'2020-10-02 11:53:34.602523',15),
	(45,0,'2020-10-09 11:53:34.602546',15),
	(46,0,'2020-10-16 11:53:34.602560',15),
	(47,0,'2020-09-30 11:53:34.732220',16),
	(48,0,'2020-10-07 11:53:34.732247',16),
	(49,0,'2020-10-14 11:53:34.732261',16),
	(50,0,'2020-10-04 11:53:34.831344',17),
	(51,0,'2020-10-11 11:53:34.831372',17),
	(52,0,'2020-10-18 11:53:34.831387',17),
	(53,0,'2020-10-25 11:53:34.831401',17),
	(54,0,'2020-10-01 11:53:34.954193',18),
	(55,0,'2020-10-08 11:53:34.954217',18),
	(56,0,'2020-10-01 11:53:35.053950',19),
	(57,0,'2020-10-08 11:53:35.053979',19),
	(58,0,'2020-10-15 11:53:35.053996',19),
	(59,0,'2020-10-22 11:53:35.054012',19),
	(60,0,'2020-10-04 11:53:35.139445',20),
	(61,0,'2020-10-11 11:53:35.139474',20),
	(62,0,'2020-10-18 11:53:35.139491',20),
	(63,0,'2020-09-30 11:53:35.207270',21),
	(64,0,'2020-10-07 11:53:35.207292',21),
	(65,0,'2020-10-03 11:53:35.270548',22),
	(66,0,'2020-10-10 11:53:35.270571',22),
	(67,0,'2020-10-17 11:53:35.270586',22),
	(68,0,'2020-10-04 11:53:35.373605',23),
	(69,0,'2020-10-11 11:53:35.373648',23),
	(70,0,'2020-10-01 11:53:35.509168',24),
	(71,0,'2020-10-08 11:53:35.509190',24),
	(72,0,'2020-10-15 11:53:35.509204',24),
	(73,0,'2020-10-04 11:53:35.587773',25),
	(74,0,'2020-10-11 11:53:35.588025',25),
	(75,0,'2020-10-03 11:53:35.677974',26),
	(76,0,'2020-10-10 11:53:35.677998',26),
	(77,0,'2020-09-30 11:53:35.785042',27),
	(78,0,'2020-10-07 11:53:35.785074',27),
	(79,0,'2020-10-14 11:53:35.785092',27),
	(80,0,'2020-10-01 11:53:35.863401',28),
	(81,0,'2020-10-08 11:53:35.863430',28),
	(82,0,'2020-10-15 11:53:35.863446',28),
	(83,0,'2020-10-01 11:53:35.948073',29),
	(84,0,'2020-10-08 11:53:35.948100',29),
	(85,0,'2020-10-15 11:53:35.948116',29),
	(86,0,'2020-09-30 11:53:36.055424',30),
	(87,0,'2020-10-07 11:53:36.055454',30),
	(88,0,'2020-10-02 11:53:36.133486',31),
	(89,0,'2020-10-09 11:53:36.133516',31),
	(90,0,'2020-10-02 11:53:36.230948',32),
	(91,0,'2020-10-09 11:53:36.230984',32),
	(92,0,'2020-10-16 11:53:36.231003',32),
	(93,0,'2020-10-23 11:53:36.231021',32),
	(94,0,'2020-10-03 11:53:36.301181',33),
	(95,0,'2020-10-10 11:53:36.301203',33),
	(96,0,'2020-10-17 11:53:36.301217',33),
	(97,0,'2020-09-30 11:53:36.364905',34),
	(98,0,'2020-10-07 11:53:36.364938',34),
	(99,0,'2020-10-14 11:53:36.364979',34),
	(100,0,'2020-10-01 11:53:36.434206',35),
	(101,0,'2020-10-08 11:53:36.434245',35),
	(102,0,'2020-10-15 11:53:36.434268',35),
	(103,0,'2020-10-22 11:53:36.434288',35),
	(104,0,'2020-09-30 11:53:36.525511',36),
	(105,0,'2020-10-07 11:53:36.525539',36),
	(106,0,'2020-10-14 11:53:36.525558',36),
	(107,0,'2020-10-21 11:53:36.525575',36),
	(108,0,'2020-10-03 11:53:36.623644',37),
	(109,0,'2020-10-10 11:53:36.623770',37),
	(110,0,'2020-10-17 11:53:36.623785',37),
	(111,0,'2020-10-02 11:53:36.724791',38),
	(112,0,'2020-10-09 11:53:36.724823',38),
	(113,0,'2020-10-02 11:53:36.817453',39),
	(114,0,'2020-10-09 11:53:36.817488',39),
	(115,0,'2020-10-16 11:53:36.817507',39),
	(116,0,'2020-10-23 11:53:36.817526',39),
	(117,0,'2020-10-03 11:53:36.937649',40),
	(118,0,'2020-10-10 11:53:36.937752',40),
	(119,0,'2020-10-17 11:53:36.937769',40),
	(120,0,'2020-09-30 11:53:37.019928',41),
	(121,0,'2020-10-07 11:53:37.019953',41),
	(122,0,'2020-10-14 11:53:37.019967',41),
	(123,0,'2020-10-21 11:53:37.019981',41),
	(124,0,'2020-10-02 11:53:37.111976',42),
	(125,0,'2020-10-09 11:53:37.112007',42),
	(126,0,'2020-10-16 11:53:37.112024',42),
	(127,0,'2020-10-04 11:53:37.176289',43),
	(128,0,'2020-10-11 11:53:37.176322',43),
	(129,0,'2020-10-18 11:53:37.176341',43),
	(130,0,'2020-10-25 11:53:37.176359',43),
	(131,0,'2020-10-03 11:53:37.259637',44),
	(132,0,'2020-10-10 11:53:37.259680',44),
	(133,0,'2020-10-17 11:53:37.259709',44),
	(134,0,'2020-10-24 11:53:37.259887',44),
	(135,0,'2020-10-04 11:53:37.364271',45),
	(136,0,'2020-10-11 11:53:37.364293',45),
	(137,0,'2020-10-18 11:53:37.364306',45),
	(138,0,'2020-10-25 11:53:37.364319',45),
	(139,0,'2020-10-04 11:53:37.454458',46),
	(140,0,'2020-10-11 11:53:37.454482',46),
	(141,0,'2020-10-18 11:53:37.454496',46),
	(142,0,'2020-10-25 11:53:37.454510',46),
	(143,0,'2020-10-03 11:53:37.544992',47),
	(144,0,'2020-10-10 11:53:37.545041',47),
	(145,0,'2020-09-30 11:53:37.630965',48),
	(146,0,'2020-10-07 11:53:37.630992',48),
	(147,0,'2020-10-04 11:53:37.719008',49),
	(148,0,'2020-10-11 11:53:37.719054',49),
	(149,0,'2020-10-18 11:53:37.719081',49),
	(150,0,'2020-10-25 11:53:37.719107',49),
	(151,0,'2020-10-04 11:53:37.827521',50),
	(152,0,'2020-10-11 11:53:37.827547',50),
	(153,0,'2020-10-18 11:53:37.827562',50),
	(154,0,'2020-10-02 11:53:37.933639',51),
	(155,0,'2020-10-09 11:53:37.933668',51),
	(156,0,'2020-10-01 11:53:38.022933',52),
	(157,0,'2020-10-08 11:53:38.022956',52),
	(158,0,'2020-10-02 11:53:38.119913',53),
	(159,0,'2020-10-09 11:53:38.119945',53),
	(160,0,'2020-10-04 11:53:38.204598',54),
	(161,0,'2020-10-11 11:53:38.204628',54),
	(162,0,'2020-10-18 11:53:38.204645',54),
	(163,0,'2020-10-25 11:53:38.204661',54),
	(164,0,'2020-10-03 11:53:38.289321',55),
	(165,0,'2020-10-10 11:53:38.289343',55),
	(166,0,'2020-10-17 11:53:38.289357',55),
	(167,0,'2020-10-24 11:53:38.289370',55),
	(168,0,'2020-09-30 11:53:38.396207',56),
	(169,0,'2020-10-07 11:53:38.396233',56),
	(170,0,'2020-10-14 11:53:38.396247',56),
	(171,0,'2020-10-21 11:53:38.396261',56),
	(172,0,'2020-09-30 11:53:38.478885',57),
	(173,0,'2020-10-07 11:53:38.478910',57),
	(174,0,'2020-10-03 11:53:38.548473',58),
	(175,0,'2020-10-10 11:53:38.548500',58),
	(176,0,'2020-10-17 11:53:38.548515',58),
	(177,0,'2020-10-24 11:53:38.548529',58),
	(178,0,'2020-10-04 11:53:38.669609',59),
	(179,0,'2020-10-11 11:53:38.669639',59),
	(180,0,'2020-10-18 11:53:38.669763',59),
	(181,0,'2020-10-01 11:53:38.772549',60),
	(182,0,'2020-10-08 11:53:38.772575',60),
	(183,0,'2020-10-04 11:53:38.848369',61),
	(184,0,'2020-10-11 11:53:38.848393',61),
	(185,0,'2020-10-01 11:53:38.926067',62),
	(186,0,'2020-10-08 11:53:38.926100',62),
	(187,0,'2020-10-15 11:53:38.926120',62),
	(188,0,'2020-10-01 11:53:39.041490',63),
	(189,0,'2020-10-08 11:53:39.041512',63),
	(190,0,'2020-10-15 11:53:39.041525',63),
	(191,0,'2020-10-04 11:53:39.134645',64),
	(192,0,'2020-10-11 11:53:39.134672',64),
	(193,0,'2020-10-18 11:53:39.134686',64),
	(194,0,'2020-10-04 11:53:39.267741',65),
	(195,0,'2020-10-11 11:53:39.267787',65),
	(196,0,'2020-10-18 11:53:39.267979',65),
	(197,0,'2020-10-25 11:53:39.268012',65),
	(198,0,'2020-10-02 11:53:39.398516',66),
	(199,0,'2020-10-09 11:53:39.398546',66),
	(200,0,'2020-10-01 11:53:39.503974',67),
	(201,0,'2020-10-08 11:53:39.504007',67),
	(202,0,'2020-10-15 11:53:39.504026',67),
	(203,0,'2020-10-22 11:53:39.504044',67),
	(204,0,'2020-10-01 11:53:39.578638',68),
	(205,0,'2020-10-08 11:53:39.578661',68),
	(206,0,'2020-10-01 11:53:39.651078',69),
	(207,0,'2020-10-08 11:53:39.651105',69),
	(208,0,'2020-10-15 11:53:39.651121',69),
	(209,0,'2020-09-30 11:53:39.742972',70),
	(210,0,'2020-10-07 11:53:39.742994',70),
	(211,0,'2020-10-14 11:53:39.743007',70),
	(212,0,'2020-10-01 11:53:39.851488',71),
	(213,0,'2020-10-08 11:53:39.851517',71),
	(214,0,'2020-10-04 11:53:39.965267',72),
	(215,0,'2020-10-11 11:53:39.965310',72),
	(216,0,'2020-10-18 11:53:39.965336',72),
	(217,0,'2020-10-25 11:53:39.965363',72),
	(218,0,'2020-09-30 11:53:40.091580',73),
	(219,0,'2020-10-07 11:53:40.091603',73),
	(220,0,'2020-10-14 11:53:40.091617',73),
	(221,0,'2020-10-04 11:53:40.234734',74),
	(222,0,'2020-10-11 11:53:40.234882',74),
	(223,0,'2020-10-18 11:53:40.234902',74),
	(224,0,'2020-10-03 11:53:40.362954',75),
	(225,0,'2020-10-10 11:53:40.363114',75),
	(226,0,'2020-10-17 11:53:40.363133',75),
	(227,0,'2020-10-02 11:53:40.498651',76),
	(228,0,'2020-10-09 11:53:40.498672',76),
	(229,0,'2020-10-16 11:53:40.498685',76),
	(230,0,'2020-10-02 11:53:40.650196',77),
	(231,0,'2020-10-09 11:53:40.650215',77),
	(232,0,'2020-10-04 11:53:40.725942',78),
	(233,0,'2020-10-11 11:53:40.725965',78),
	(234,0,'2020-10-18 11:53:40.725978',78),
	(235,0,'2020-10-25 11:53:40.725991',78),
	(236,0,'2020-09-30 11:53:40.822697',79),
	(237,0,'2020-10-07 11:53:40.822811',79),
	(238,0,'2020-10-14 11:53:40.822824',79),
	(239,0,'2020-10-01 11:53:40.933453',80),
	(240,0,'2020-10-08 11:53:40.933477',80),
	(241,0,'2020-10-15 11:53:40.933502',80),
	(242,0,'2020-10-22 11:53:40.933516',80),
	(243,0,'2020-10-01 11:53:41.019965',81),
	(244,0,'2020-10-08 11:53:41.019989',81),
	(245,0,'2020-10-15 11:53:41.020003',81),
	(246,0,'2020-10-22 11:53:41.020016',81),
	(247,0,'2020-10-02 11:53:41.124181',82),
	(248,0,'2020-10-09 11:53:41.124204',82),
	(249,0,'2020-10-04 11:53:41.215741',83),
	(250,0,'2020-10-11 11:53:41.215767',83),
	(251,0,'2020-10-18 11:53:41.215781',83),
	(252,0,'2020-10-02 11:53:41.304508',84),
	(253,0,'2020-10-09 11:53:41.304531',84),
	(254,0,'2020-10-16 11:53:41.304545',84),
	(255,0,'2020-10-02 11:53:41.393929',85),
	(256,0,'2020-10-09 11:53:41.393961',85),
	(257,0,'2020-10-16 11:53:41.393976',85),
	(258,0,'2020-10-01 11:53:41.467403',86),
	(259,0,'2020-10-08 11:53:41.467430',86),
	(260,0,'2020-10-15 11:53:41.467447',86),
	(261,0,'2020-10-22 11:53:41.467463',86),
	(262,0,'2020-10-01 11:53:41.556733',87),
	(263,0,'2020-10-08 11:53:41.556765',87),
	(264,0,'2020-10-15 11:53:41.556904',87),
	(265,0,'2020-10-22 11:53:41.556923',87),
	(266,0,'2020-09-30 11:53:41.658303',88),
	(267,0,'2020-10-07 11:53:41.658337',88),
	(268,0,'2020-10-01 11:53:41.734851',89),
	(269,0,'2020-10-08 11:53:41.734875',89),
	(270,0,'2020-09-30 11:53:41.814567',90),
	(271,0,'2020-10-07 11:53:41.814594',90),
	(272,0,'2020-10-01 11:53:41.908633',91),
	(273,0,'2020-10-08 11:53:41.908659',91),
	(274,0,'2020-10-02 11:53:42.008381',92),
	(275,0,'2020-10-09 11:53:42.008403',92),
	(276,0,'2020-10-16 11:53:42.008415',92),
	(277,0,'2020-10-23 11:53:42.008428',92),
	(278,0,'2020-09-30 11:53:42.115188',93),
	(279,0,'2020-10-07 11:53:42.115241',93),
	(280,0,'2020-10-14 11:53:42.115268',93),
	(281,0,'2020-10-21 11:53:42.115283',93),
	(282,0,'2020-10-03 11:53:42.215536',94),
	(283,0,'2020-10-10 11:53:42.215558',94),
	(284,0,'2020-10-02 11:53:42.309587',95),
	(285,0,'2020-10-09 11:53:42.309623',95),
	(286,0,'2020-10-16 11:53:42.309642',95),
	(287,0,'2020-10-04 11:53:42.411145',96),
	(288,0,'2020-10-11 11:53:42.411167',96),
	(289,0,'2020-10-03 11:53:42.517745',97),
	(290,0,'2020-10-10 11:53:42.517767',97),
	(291,0,'2020-10-03 11:53:42.602656',98),
	(292,0,'2020-10-10 11:53:42.602687',98),
	(293,0,'2020-09-30 11:53:42.711457',99),
	(294,0,'2020-10-07 11:53:42.711496',99),
	(295,0,'2020-10-03 11:53:42.806846',100),
	(296,0,'2020-10-10 11:53:42.806874',100),
	(297,0,'2020-10-17 11:53:42.806887',100),
	(298,0,'2020-10-24 11:53:42.806907',100),
	(299,0,'2020-10-03 11:53:42.879139',101),
	(300,0,'2020-10-10 11:53:42.879160',101),
	(301,0,'2020-10-17 11:53:42.879174',101);

/*!40000 ALTER TABLE `trips_tripschedule` ENABLE KEYS */;
UNLOCK TABLES;



/*!40111 SET SQL_NOTES=@OLD_SQL_NOTES */;
/*!40101 SET SQL_MODE=@OLD_SQL_MODE */;
/*!40014 SET FOREIGN_KEY_CHECKS=@OLD_FOREIGN_KEY_CHECKS */;
/*!40101 SET CHARACTER_SET_CLIENT=@OLD_CHARACTER_SET_CLIENT */;
/*!40101 SET CHARACTER_SET_RESULTS=@OLD_CHARACTER_SET_RESULTS */;
/*!40101 SET COLLATION_CONNECTION=@OLD_COLLATION_CONNECTION */;
